filename,lotID,SN,tempC,current,power,voltage,group_id
P10514-1_767&768_74L_GP03_dat.xls,P10514-1,71635_30-23-74-82,50,0,0,0.07447,27
P10514-1_767&768_74L_GP03_dat.xls,P10514-1,71635_30-23-74-82,50,5e-4,0.00157614,0.0883,27
P10514-1_767&768_74L_GP03_dat.xls,P10514-1,71635_30-23-74-82,50,0.001,0.00305239,0.1022,27
P10514-1_767&768_74L_GP03_dat.xls,P10514-1,71635_30-23-74-82,50,0.0015,0.00459027,0.11759,27
P10514-1_767&768_74L_GP03_dat.xls,P10514-1,71635_30-23-74-82,50,0.002,0.00609809,0.13062000000000001,27
P10514-1_767&768_74L_GP03_dat.xls,P10514-1,71635_30-23-74-82,50,0.0025,0.00764599,0.14525,27
P10514-1_767&768_74L_GP03_dat.xls,P10514-1,71635_30-23-74-82,50,0.003,0.00918576,0.1602,27
P10514-1_767&768_74L_GP03_dat.xls,P10514-1,71635_30-23-74-82,50,0.0035,0.01071559,0.17452,27
P10514-1_767&768_74L_GP03_dat.xls,P10514-1,71635_30-23-74-82,50,0.004,0.01224009,0.18913,27
P10514-1_767&768_74L_GP03_dat.xls,P10514-1,71635_30-23-74-82,50,0.0045,0.01375787,0.20491,27
P10514-1_767&768_74L_GP03_dat.xls,P10514-1,71635_30-23-74-82,50,0.005,0.01526767,0.22127,27
P10514-1_767&768_74L_GP03_dat.xls,P10514-1,71635_30-23-74-82,50,0.0055,0,0.23766,27
P10514-1_767&768_74L_GP03_dat.xls,P10514-1,71635_30-23-74-82,50,0.006,0,0.25278,27
P10514-1_767&768_74L_GP03_dat.xls,P10514-1,71635_30-23-74-82,50,0.0065,0,0.26833,27
P10514-1_767&768_74L_GP03_dat.xls,P10514-1,71635_30-23-74-82,50,0.007,0,0.28327,27
P10514-1_767&768_74L_GP03_dat.xls,P10514-1,71635_30-23-74-82,50,0.0075,0,0.3015,27
P10514-1_767&768_74L_GP03_dat.xls,P10514-1,71635_30-23-74-82,50,0.008,0,0.31983,27
P10514-1_767&768_74L_GP03_dat.xls,P10514-1,71635_30-23-74-82,50,0.0085,0,0.33981,27
P10514-1_767&768_74L_GP03_dat.xls,P10514-1,71635_30-23-74-82,50,0.009,0,0.35735,27
P10514-1_767&768_74L_GP03_dat.xls,P10514-1,71635_30-23-74-82,50,0.0095,0,0.379,27
P10514-1_767&768_74L_GP03_dat.xls,P10514-1,71635_30-23-74-82,50,0.01,0,0.40351,27
P10514-1_767&768_74L_GP03_dat.xls,P10514-1,71635_30-23-74-82,50,0.0105,0,0.42984,27
P10514-1_767&768_74L_GP03_dat.xls,P10514-1,71635_30-23-74-82,50,0.011,0,0.46371,27
P10514-1_767&768_74L_GP03_dat.xls,P10514-1,71635_30-23-74-82,50,0.0115,0,0.50362,27
P10514-1_767&768_74L_GP03_dat.xls,P10514-1,71635_30-23-74-82,50,0.012,0,0.45771,27
P10514-1_767&768_74L_GP03_dat.xls,P10514-1,71635_30-23-74-82,50,0.0125,0,0.4578,27
P10514-1_767&768_74L_GP03_dat.xls,P10514-1,71635_30-23-74-82,50,0.013,0,0.46306,27
P10514-1_767&768_74L_GP03_dat.xls,P10514-1,71635_30-23-74-82,50,0.0135,0,0.47787,27
P10514-1_767&768_74L_GP03_dat.xls,P10514-1,71635_30-23-74-82,50,0.014,0,0.49564,27
P10514-1_767&768_74L_GP03_dat.xls,P10514-1,71635_30-23-74-82,50,0.0145,0,0.51822,27
P10514-1_767&768_74L_GP03_dat.xls,P10514-1,71635_30-23-74-82,50,0.015,0,0.54057,27
P10514-1_767&768_74L_GP03_dat.xls,P10514-1,71635_30-23-74-82,50,0.0155,0,0.55204,27
P10514-1_767&768_74L_GP03_dat.xls,P10514-1,71635_30-23-74-82,50,0.016,0,0.56923,27
P10514-1_767&768_74L_GP03_dat.xls,P10514-1,71635_30-23-74-82,50,0.0165,0,0.58501,27
P10514-1_767&768_74L_GP03_dat.xls,P10514-1,71635_30-23-74-82,50,0.017,0,0.588,27
P10514-1_767&768_74L_GP03_dat.xls,P10514-1,71635_30-23-74-82,50,0.0175,0,0.58438,27
P10514-1_767&768_74L_GP03_dat.xls,P10514-1,71635_30-23-74-82,50,0.018,0,0.59566,27
P10514-1_767&768_74L_GP03_dat.xls,P10514-1,71635_30-23-74-82,50,0.0185,0,0.60578,27
P10514-1_767&768_74L_GP03_dat.xls,P10514-1,71635_30-23-74-82,50,0.019,0,0.61678,27
P10514-1_767&768_74L_GP03_dat.xls,P10514-1,71635_30-23-74-82,50,0.0195,0,0.62335,27
P10514-1_767&768_74L_GP03_dat.xls,P10514-1,71635_30-23-74-82,50,0.02,0,0.64088,27
P10514-1_767&768_74L_GP03_dat.xls,P10514-1,71635_30-23-74-82,50,0.0205,0,0.79339,27
P10514-1_767&768_74L_GP03_dat.xls,P10514-1,71635_30-23-74-82,50,0.021,0,0.81102,27
P10514-1_767&768_74L_GP03_dat.xls,P10514-1,71635_30-23-74-82,50,0.0215,0,0.81915,27
P10514-1_767&768_74L_GP03_dat.xls,P10514-1,71635_30-23-74-82,50,0.022,0,0.78667,27
P10514-1_767&768_74L_GP03_dat.xls,P10514-1,71635_30-23-74-82,50,0.0225,0,0.79699,27
P10514-1_767&768_74L_GP03_dat.xls,P10514-1,71635_30-23-74-82,50,0.023,0,0.80651,27
P10514-1_767&768_74L_GP03_dat.xls,P10514-1,71635_30-23-74-82,50,0.0235,0,0.81181,27
P10514-1_767&768_74L_GP03_dat.xls,P10514-1,71635_30-23-74-82,50,0.024,0,0.82665,27
P10514-1_767&768_74L_GP03_dat.xls,P10514-1,71635_30-23-74-82,50,0.0245,0,0.84093,27
P10514-1_767&768_74L_GP03_dat.xls,P10514-1,71635_30-23-74-82,50,0.025,0,0.84604,27
P10514-1_767&768_74L_GP03_dat.xls,P10514-1,71635_30-23-74-82,50,0.0255,0,0.85267,27
P10514-1_767&768_74L_GP03_dat.xls,P10514-1,71635_30-23-74-82,50,0.026,0,0.78481,27
P10514-1_767&768_74L_GP03_dat.xls,P10514-1,71635_30-23-74-82,50,0.0265,0,0.7584,27
P10514-1_767&768_74L_GP03_dat.xls,P10514-1,71635_30-23-74-82,50,0.027,0,0.68931,27
P10514-1_767&768_74L_GP03_dat.xls,P10514-1,71635_30-23-74-82,50,0.0275,0,0.67496,27
P10514-1_767&768_74L_GP03_dat.xls,P10514-1,71635_30-23-74-82,50,0.028,0,0.65697,27
P10514-1_767&768_74L_GP03_dat.xls,P10514-1,71635_30-23-74-82,50,0.0285,0,0.66543,27
P10514-1_767&768_74L_GP03_dat.xls,P10514-1,71635_30-23-74-82,50,0.029,0,0.67126,27
P10514-1_767&768_74L_GP03_dat.xls,P10514-1,71635_30-23-74-82,50,0.0295,0,0.67535,27
P10514-1_767&768_74L_GP03_dat.xls,P10514-1,71635_30-23-74-82,50,0.03,0,0.68117,27
P10514-1_767&768_74L_GP03_dat.xls,P10514-1,71635_30-23-74-82,50,0.0305,0,0.68466,27
P10514-1_767&768_74L_GP03_dat.xls,P10514-1,71635_30-23-74-82,50,0.031,0,0.69038,27
P10514-1_767&768_74L_GP03_dat.xls,P10514-1,71635_30-23-74-82,50,0.0315,0,0.69717,27
P10514-1_767&768_74L_GP03_dat.xls,P10514-1,71635_30-23-74-82,50,0.032,0,0.70761,27
P10514-1_767&768_74L_GP03_dat.xls,P10514-1,71635_30-23-74-82,50,0.0325,0,0.71078,27
P10514-1_767&768_74L_GP03_dat.xls,P10514-1,71635_30-23-74-82,50,0.033,0,0.7094,27
P10514-1_767&768_74L_GP03_dat.xls,P10514-1,71635_30-23-74-82,50,0.0335,0,0.71663,27
P10514-1_767&768_74L_GP03_dat.xls,P10514-1,71635_30-23-74-82,50,0.034,0,0.72546,27
P10514-1_767&768_74L_GP03_dat.xls,P10514-1,71635_30-23-74-82,50,0.0345,0,0.73396,27
P10514-1_767&768_74L_GP03_dat.xls,P10514-1,71635_30-23-74-82,50,0.035,0,0.73858,27
P10514-1_767&768_74L_GP03_dat.xls,P10514-1,71635_30-23-74-82,50,0.0355,0,0.74481,27
P10514-1_767&768_74L_GP03_dat.xls,P10514-1,71635_30-23-74-82,50,0.036,0,0.74817,27
P10514-1_767&768_74L_GP03_dat.xls,P10514-1,71635_30-23-74-82,50,0.0365,0,0.7555,27
P10514-1_767&768_74L_GP03_dat.xls,P10514-1,71635_30-23-74-82,50,0.037,0,0.75253,27
P10514-1_767&768_74L_GP03_dat.xls,P10514-1,71635_30-23-74-82,50,0.0375,0,0.76179,27
P10514-1_767&768_74L_GP03_dat.xls,P10514-1,71635_30-23-74-82,50,0.038,0,0.76011,27
P10514-1_767&768_74L_GP03_dat.xls,P10514-1,71635_30-23-74-82,50,0.0385,0,0.76441,27
P10514-1_767&768_74L_GP03_dat.xls,P10514-1,71635_30-23-74-82,50,0.039,0,0.7624,27
P10514-1_767&768_74L_GP03_dat.xls,P10514-1,71635_30-23-74-82,50,0.0395,0,0.76628,27
P10514-1_767&768_74L_GP03_dat.xls,P10514-1,71635_30-23-74-82,50,0.04,0,0.76955,27
P10514-1_767&768_74L_GP03_dat.xls,P10514-1,71635_30-23-74-82,50,0.0405,0,0.78882,27
P10514-1_767&768_74L_GP03_dat.xls,P10514-1,71635_30-23-74-82,50,0.041,0,0.78185,27
P10514-1_767&768_74L_GP03_dat.xls,P10514-1,71635_30-23-74-82,50,0.0415,0,0.78838,27
P10514-1_767&768_74L_GP03_dat.xls,P10514-1,71635_30-23-74-82,50,0.042,0,0.79014,27
P10514-1_767&768_74L_GP03_dat.xls,P10514-1,71635_30-23-74-82,50,0.0425,0,0.79306,27
P10514-1_767&768_74L_GP03_dat.xls,P10514-1,71635_30-23-74-82,50,0.043,0,0.80476,27
P10514-1_767&768_74L_GP03_dat.xls,P10514-1,71635_30-23-74-82,50,0.0435,0,0.79608,27
P10514-1_767&768_74L_GP03_dat.xls,P10514-1,71635_30-23-74-82,50,0.044,0,0.79702,27
P10514-1_767&768_74L_GP03_dat.xls,P10514-1,71635_30-23-74-82,50,0.0445,0,0.80158,27
P10514-1_767&768_74L_GP03_dat.xls,P10514-1,71635_30-23-74-82,50,0.045,0,0.80723,27
P10514-1_767&768_74L_GP03_dat.xls,P10514-1,71635_30-23-74-82,50,0.0455,0,0.81056,27
P10514-1_767&768_74L_GP03_dat.xls,P10514-1,71635_30-23-74-82,50,0.046,0,0.81734,27
P10514-1_767&768_74L_GP03_dat.xls,P10514-1,71635_30-23-74-82,50,0.0465,0,0.81804,27
P10514-1_767&768_74L_GP03_dat.xls,P10514-1,71635_30-23-74-82,50,0.047,0,0.81949,27
P10514-1_767&768_74L_GP03_dat.xls,P10514-1,71635_30-23-74-82,50,0.0475,0,0.8191,27
P10514-1_767&768_74L_GP03_dat.xls,P10514-1,71635_30-23-74-82,50,0.048,0,0.82577,27
P10514-1_767&768_74L_GP03_dat.xls,P10514-1,71635_30-23-74-82,50,0.0485,0,0.82788,27
P10514-1_767&768_74L_GP03_dat.xls,P10514-1,71635_30-23-74-82,50,0.049,0,0.82676,27
P10514-1_767&768_74L_GP03_dat.xls,P10514-1,71635_30-23-74-82,50,0.0495,0,0.83141,27
P10514-1_767&768_74L_GP03_dat.xls,P10514-1,71635_30-23-74-82,50,0.05,0,0.83491,27
P10514-1_767&768_74L_GP03_dat.xls,P10514-1,71635_30-23-74-82,50,0.0505,0,0.83844,27
P10514-1_767&768_74L_GP03_dat.xls,P10514-1,71635_30-23-74-82,50,0.051,0,0.84296,27
P10514-1_767&768_74L_GP03_dat.xls,P10514-1,71635_30-23-74-82,50,0.0515,0,0.84248,27
P10514-1_767&768_74L_GP03_dat.xls,P10514-1,71635_30-23-74-82,50,0.052,0,0.84477,27
P10514-1_767&768_74L_GP03_dat.xls,P10514-1,71635_30-23-74-82,50,0.0525,0,0.84755,27
P10514-1_767&768_74L_GP03_dat.xls,P10514-1,71635_30-23-74-82,50,0.053,0,0.84996,27
P10514-1_767&768_74L_GP03_dat.xls,P10514-1,71635_30-23-74-82,50,0.0535,0,0.85168,27
P10514-1_767&768_74L_GP03_dat.xls,P10514-1,71635_30-23-74-82,50,0.054,0,0.8528,27
P10514-1_767&768_74L_GP03_dat.xls,P10514-1,71635_30-23-74-82,50,0.0545,0,0.85498,27
P10514-1_767&768_74L_GP03_dat.xls,P10514-1,71635_30-23-74-82,50,0.055,0,0.86169,27
P10514-1_767&768_74L_GP03_dat.xls,P10514-1,71635_30-23-74-82,50,0.0555,0,0.87191,27
P10514-1_767&768_74L_GP03_dat.xls,P10514-1,71635_30-23-74-82,50,0.056,0,0.90993,27
P10514-1_767&768_74L_GP03_dat.xls,P10514-1,71635_30-23-74-82,50,0.0565,0,0.91841,27
P10514-1_767&768_74L_GP03_dat.xls,P10514-1,71635_30-23-74-82,50,0.057,0,0.92128,27
P10514-1_767&768_74L_GP03_dat.xls,P10514-1,71635_30-23-74-82,50,0.0575,0,0.92245,27
P10514-1_767&768_74L_GP03_dat.xls,P10514-1,71635_30-23-74-82,50,0.058,0,0.9273,27
P10514-1_767&768_74L_GP03_dat.xls,P10514-1,71635_30-23-74-82,50,0.0585,0,0.94157,27
P10514-1_767&768_74L_GP03_dat.xls,P10514-1,71635_30-23-74-82,50,0.059,0,0.97439,27
P10514-1_767&768_74L_GP03_dat.xls,P10514-1,71635_30-23-74-82,50,0.0595,0,1.0244,27
P10514-1_767&768_74L_GP03_dat.xls,P10514-1,71635_30-23-74-82,50,0.06,0,0.97377,27
P10514-1_767&768_74L_GP03_dat.xls,P10514-1,71635_30-23-74-82,50,0.0605,0,1.03056,27
P10514-1_767&768_74L_GP03_dat.xls,P10514-1,71635_30-23-74-82,50,0.061,0,1.03285,27
P10514-1_767&768_74L_GP03_dat.xls,P10514-1,71635_30-23-74-82,50,0.0615,0,1.03768,27
P10514-1_767&768_74L_GP03_dat.xls,P10514-1,71635_30-23-74-82,50,0.062,0,1.03921,27
P10514-1_767&768_74L_GP03_dat.xls,P10514-1,71635_30-23-74-82,50,0.0625,0,1.04216,27
P10514-1_767&768_74L_GP03_dat.xls,P10514-1,71635_30-23-74-82,50,0.063,0,1.04481,27
P10514-1_767&768_74L_GP03_dat.xls,P10514-1,71635_30-23-74-82,50,0.0635,0,1.04725,27
P10514-1_767&768_74L_GP03_dat.xls,P10514-1,71635_30-23-74-82,50,0.064,0,1.04881,27
P10514-1_767&768_74L_GP03_dat.xls,P10514-1,71635_30-23-74-82,50,0.0645,0,1.03224,27
P10514-1_767&768_74L_GP03_dat.xls,P10514-1,71635_30-23-74-82,50,0.065,0,1.03381,27
P10514-1_767&768_74L_GP03_dat.xls,P10514-1,71635_30-23-74-82,50,0.0655,0,1.0307,27
P10514-1_767&768_74L_GP03_dat.xls,P10514-1,71635_30-23-74-82,50,0.066,0,1.03939,27
P10514-1_767&768_74L_GP03_dat.xls,P10514-1,71635_30-23-74-82,50,0.0665,0,1.02892,27
P10514-1_767&768_74L_GP03_dat.xls,P10514-1,71635_30-23-74-82,50,0.067,0,1.0158,27
P10514-1_767&768_74L_GP03_dat.xls,P10514-1,71635_30-23-74-82,50,0.0675,0,1.03346,27
P10514-1_767&768_74L_GP03_dat.xls,P10514-1,71635_30-23-74-82,50,0.068,0,1.03734,27
P10514-1_767&768_74L_GP03_dat.xls,P10514-1,71635_30-23-74-82,50,0.0685,0,1.044,27
P10514-1_767&768_74L_GP03_dat.xls,P10514-1,71635_30-23-74-82,50,0.069,0,1.04154,27
P10514-1_767&768_74L_GP03_dat.xls,P10514-1,71635_30-23-74-82,50,0.0695,0,1.05014,27
P10514-1_767&768_74L_GP03_dat.xls,P10514-1,71635_30-23-74-82,50,0.07,0,1.04958,27
P10514-1_767&768_74L_GP03_dat.xls,P10514-1,71635_30-23-74-82,50,0.0705,0,1.05279,27
P10514-1_767&768_74L_GP03_dat.xls,P10514-1,71635_30-23-74-82,50,0.071,0,1.04996,27
P10514-1_767&768_74L_GP03_dat.xls,P10514-1,71635_30-23-74-82,50,0.0715,0,1.05104,27
P10514-1_767&768_74L_GP03_dat.xls,P10514-1,71635_30-23-74-82,50,0.072,0,1.05311,27
P10514-1_767&768_74L_GP03_dat.xls,P10514-1,71635_30-23-74-82,50,0.0725,0,1.05388,27
P10514-1_767&768_74L_GP03_dat.xls,P10514-1,71635_30-23-74-82,50,0.073,0,1.05338,27
P10514-1_767&768_74L_GP03_dat.xls,P10514-1,71635_30-23-74-82,50,0.0735,0,1.05393,27
P10514-1_767&768_74L_GP03_dat.xls,P10514-1,71635_30-23-74-82,50,0.074,0,1.05384,27
P10514-1_767&768_74L_GP03_dat.xls,P10514-1,71635_30-23-74-82,50,0.0745,0,1.05357,27
P10514-1_767&768_74L_GP03_dat.xls,P10514-1,71635_30-23-74-82,50,0.075,0,1.05366,27
P10514-1_767&768_74L_GP03_dat.xls,P10514-1,71635_30-23-74-82,50,0.0755,0,1.05098,27
P10514-1_767&768_74L_GP03_dat.xls,P10514-1,71635_30-23-74-82,50,0.076,0,1.05087,27
P10514-1_767&768_74L_GP03_dat.xls,P10514-1,71635_30-23-74-82,50,0.0765,0,1.05761,27
P10514-1_767&768_74L_GP03_dat.xls,P10514-1,71635_30-23-74-82,50,0.077,0,1.05367,27
P10514-1_767&768_74L_GP03_dat.xls,P10514-1,71635_30-23-74-82,50,0.0775,0,1.05489,27
P10514-1_767&768_74L_GP03_dat.xls,P10514-1,71635_30-23-74-82,50,0.078,0,1.05482,27
P10514-1_767&768_74L_GP03_dat.xls,P10514-1,71635_30-23-74-82,50,0.0785,0,1.04938,27
P10514-1_767&768_74L_GP03_dat.xls,P10514-1,71635_30-23-74-82,50,0.079,0,1.05369,27
P10514-1_767&768_74L_GP03_dat.xls,P10514-1,71635_30-23-74-82,50,0.0795,0,1.05548,27
P10514-1_767&768_74L_GP03_dat.xls,P10514-1,71635_30-23-74-82,50,0.08,0,1.05859,27
P10514-1_767&768_74L_GP03_dat.xls,P10514-1,71635_30-23-74-82,50,0.0805,0,1.05704,27
P10514-1_767&768_74L_GP03_dat.xls,P10514-1,71635_30-23-74-82,50,0.081,0,1.05544,27
P10514-1_767&768_74L_GP03_dat.xls,P10514-1,71635_30-23-74-82,50,0.0815,0,1.05675,27
P10514-1_767&768_74L_GP03_dat.xls,P10514-1,71635_30-23-74-82,50,0.082,0,1.06353,27
P10514-1_767&768_74L_GP03_dat.xls,P10514-1,71635_30-23-74-82,50,0.0825,0,1.06232,27
P10514-1_767&768_74L_GP03_dat.xls,P10514-1,71635_30-23-74-82,50,0.083,0,1.05899,27
P10514-1_767&768_74L_GP03_dat.xls,P10514-1,71635_30-23-74-82,50,0.0835,0,1.0573,27
P10514-1_767&768_74L_GP03_dat.xls,P10514-1,71635_30-23-74-82,50,0.084,0,1.06085,27
P10514-1_767&768_74L_GP03_dat.xls,P10514-1,71635_30-23-74-82,50,0.0845,0,1.0555,27
P10514-1_767&768_74L_GP03_dat.xls,P10514-1,71635_30-23-74-82,50,0.085,0,1.05744,27
P10514-1_767&768_74L_GP03_dat.xls,P10514-1,71635_30-23-74-82,50,0.0855,0,1.06027,27
P10514-1_767&768_74L_GP03_dat.xls,P10514-1,71635_30-23-74-82,50,0.086,0,1.07197,27
P10514-1_767&768_74L_GP03_dat.xls,P10514-1,71635_30-23-74-82,50,0.0865,0,1.06583,27
P10514-1_767&768_74L_GP03_dat.xls,P10514-1,71635_30-23-74-82,50,0.087,0,1.0637,27
P10514-1_767&768_74L_GP03_dat.xls,P10514-1,71635_30-23-74-82,50,0.0875,0,1.07011,27
P10514-1_767&768_74L_GP03_dat.xls,P10514-1,71635_30-23-74-82,50,0.088,0,1.06209,27
P10514-1_767&768_74L_GP03_dat.xls,P10514-1,71635_30-23-74-82,50,0.0885,0,1.06742,27
P10514-1_767&768_74L_GP03_dat.xls,P10514-1,71635_30-23-74-82,50,0.089,0,1.07146,27
P10514-1_767&768_74L_GP03_dat.xls,P10514-1,71635_30-23-74-82,50,0.0895,0,1.06969,27
P10514-1_767&768_74L_GP03_dat.xls,P10514-1,71635_30-23-74-82,50,0.09,0,1.07467,27
P10514-1_767&768_74L_GP03_dat.xls,P10514-1,71635_30-23-74-82,50,0.0905,0,1.07236,27
P10514-1_767&768_74L_GP03_dat.xls,P10514-1,71635_30-23-74-82,50,0.091,0,1.05009,27
P10514-1_767&768_74L_GP03_dat.xls,P10514-1,71635_30-23-74-82,50,0.0915,0,1.03493,27
P10514-1_767&768_74L_GP03_dat.xls,P10514-1,71635_30-23-74-82,50,0.092,0,1.02849,27
P10514-1_767&768_74L_GP03_dat.xls,P10514-1,71635_30-23-74-82,50,0.0925,0,1.02517,27
P10514-1_767&768_74L_GP03_dat.xls,P10514-1,71635_30-23-74-82,50,0.093,0,1.02143,27
P10514-1_767&768_74L_GP03_dat.xls,P10514-1,71635_30-23-74-82,50,0.0935,0,1.01678,27
P10514-1_767&768_74L_GP03_dat.xls,P10514-1,71635_30-23-74-82,50,0.094,0,1.00878,27
P10514-1_767&768_74L_GP03_dat.xls,P10514-1,71635_30-23-74-82,50,0.0945,0,1.00663,27
P10514-1_767&768_74L_GP03_dat.xls,P10514-1,71635_30-23-74-82,50,0.095,0,0.99088,27
P10514-1_767&768_74L_GP03_dat.xls,P10514-1,71635_30-23-74-82,50,0.0955,0,0.98489,27
P10514-1_767&768_74L_GP03_dat.xls,P10514-1,71635_30-23-74-82,50,0.096,0,0.98642,27
P10514-1_767&768_74L_GP03_dat.xls,P10514-1,71635_30-23-74-82,50,0.0965,0,0.98981,27
P10514-1_767&768_74L_GP03_dat.xls,P10514-1,71635_30-23-74-82,50,0.097,0,0.98787,27
P10514-1_767&768_74L_GP03_dat.xls,P10514-1,71635_30-23-74-82,50,0.0975,0,0.99353,27
P10514-1_767&768_74L_GP03_dat.xls,P10514-1,71635_30-23-74-82,50,0.098,0,0.99443,27
P10514-1_767&768_74L_GP03_dat.xls,P10514-1,71635_30-23-74-82,50,0.0985,0,0.99881,27
P10514-1_767&768_74L_GP03_dat.xls,P10514-1,71635_30-23-74-82,50,0.099,0,0.99419,27
P10514-1_767&768_74L_GP03_dat.xls,P10514-1,71635_30-23-74-82,50,0.0995,0,0.99453,27
P10514-1_767&768_74L_GP03_dat.xls,P10514-1,71635_30-23-74-82,50,0.1,0,0.99854,27
P10514-1_767&768_74L_GP03_dat.xls,P10514-1,71635_30-23-74-82,50,0.101,0,1.00453,27
P10514-1_767&768_74L_GP03_dat.xls,P10514-1,71635_30-23-74-82,50,0.102,0,1.00774,27
P10514-1_767&768_74L_GP03_dat.xls,P10514-1,71635_30-23-74-82,50,0.103,0,1.00872,27
P10514-1_767&768_74L_GP03_dat.xls,P10514-1,71635_30-23-74-82,50,0.104,0,1.01166,27
P10514-1_767&768_74L_GP03_dat.xls,P10514-1,71635_30-23-74-82,50,0.105,0,1.01403,27
P10514-1_767&768_74L_GP03_dat.xls,P10514-1,71635_30-23-74-82,50,0.106,0,1.01664,27
P10514-1_767&768_74L_GP03_dat.xls,P10514-1,71635_30-23-74-82,50,0.107,0,1.02053,27
P10514-1_767&768_74L_GP03_dat.xls,P10514-1,71635_30-23-74-82,50,0.108,0,1.02615,27
P10514-1_767&768_74L_GP03_dat.xls,P10514-1,71635_30-23-74-82,50,0.109,0,1.03079,27
P10514-1_767&768_74L_GP03_dat.xls,P10514-1,71635_30-23-74-82,50,0.11,0,1.03287,27
P10514-1_767&768_74L_GP03_dat.xls,P10514-1,71635_30-23-74-82,50,0.111,0,1.0352,27
P10514-1_767&768_74L_GP03_dat.xls,P10514-1,71635_30-23-74-82,50,0.112,0,1.03577,27
P10514-1_767&768_74L_GP03_dat.xls,P10514-1,71635_30-23-74-82,50,0.113,0,1.03729,27
P10514-1_767&768_74L_GP03_dat.xls,P10514-1,71635_30-23-74-82,50,0.114,0,1.03671,27
P10514-1_767&768_74L_GP03_dat.xls,P10514-1,71635_30-23-74-82,50,0.115,0,1.03841,27
P10514-1_767&768_74L_GP03_dat.xls,P10514-1,71635_30-23-74-82,50,0.116,0,1.04198,27
P10514-1_767&768_74L_GP03_dat.xls,P10514-1,71635_30-23-74-82,50,0.117,0,1.04415,27
P10514-1_767&768_74L_GP03_dat.xls,P10514-1,71635_30-23-74-82,50,0.118,0,1.05082,27
P10514-1_767&768_74L_GP03_dat.xls,P10514-1,71635_30-23-74-82,50,0.119,0,1.05379,27
P10514-1_767&768_74L_GP03_dat.xls,P10514-1,71635_30-23-74-82,50,0.12,0,1.05325,27
P10514-1_767&768_74L_GP03_dat.xls,P10514-1,71635_30-23-74-82,50,0.121,0,1.05672,27
P10514-1_767&768_74L_GP03_dat.xls,P10514-1,71635_30-23-74-82,50,0.122,0,1.05945,27
P10514-1_767&768_74L_GP03_dat.xls,P10514-1,71635_30-23-74-82,50,0.123,0,1.06009,27
P10514-1_767&768_74L_GP03_dat.xls,P10514-1,71635_30-23-74-82,50,0.124,0,1.06576,27
P10514-1_767&768_74L_GP03_dat.xls,P10514-1,71635_30-23-74-82,50,0.125,0,1.06631,27
P10514-1_767&768_74L_GP03_dat.xls,P10514-1,71635_30-23-74-82,50,0.126,0,1.06967,27
P10514-1_767&768_74L_GP03_dat.xls,P10514-1,71635_30-23-74-82,50,0.127,0,1.07277,27
P10514-1_767&768_74L_GP03_dat.xls,P10514-1,71635_30-23-74-82,50,0.128,0,1.07305,27
P10514-1_767&768_74L_GP03_dat.xls,P10514-1,71635_30-23-74-82,50,0.129,0,1.08395,27
P10514-1_767&768_74L_GP03_dat.xls,P10514-1,71635_30-23-74-82,50,0.13,0,1.08512,27
P10514-1_767&768_74L_GP03_dat.xls,P10514-1,71635_30-23-74-82,50,0.131,0,1.08456,27
P10514-1_767&768_74L_GP03_dat.xls,P10514-1,71635_30-23-74-82,50,0.132,0,1.08518,27
P10514-1_767&768_74L_GP03_dat.xls,P10514-1,71635_30-23-74-82,50,0.133,0,1.08849,27
P10514-1_767&768_74L_GP03_dat.xls,P10514-1,71635_30-23-74-82,50,0.134,0,1.08702,27
P10514-1_767&768_74L_GP03_dat.xls,P10514-1,71635_30-23-74-82,50,0.135,0,1.08857,27
P10514-1_767&768_74L_GP03_dat.xls,P10514-1,71635_30-23-74-82,50,0.136,0,1.09271,27
P10514-1_767&768_74L_GP03_dat.xls,P10514-1,71635_30-23-74-82,50,0.137,0,1.09172,27
P10514-1_767&768_74L_GP03_dat.xls,P10514-1,71635_30-23-74-82,50,0.138,0,1.09409,27
P10514-1_767&768_74L_GP03_dat.xls,P10514-1,71635_30-23-74-82,50,0.139,0,1.0936,27
P10514-1_767&768_74L_GP03_dat.xls,P10514-1,71635_30-23-74-82,50,0.14,0,1.10062,27
P10514-1_767&768_74L_GP03_dat.xls,P10514-1,71635_30-23-74-82,50,0.141,0,1.09992,27
P10514-1_767&768_74L_GP03_dat.xls,P10514-1,71635_30-23-74-82,50,0.142,0,1.10001,27
P10514-1_767&768_74L_GP03_dat.xls,P10514-1,71635_30-23-74-82,50,0.143,0,1.0965,27
P10514-1_767&768_74L_GP03_dat.xls,P10514-1,71635_30-23-74-82,50,0.144,0,1.09821,27
P10514-1_767&768_74L_GP03_dat.xls,P10514-1,71635_30-23-74-82,50,0.145,0,1.10042,27
P10514-1_767&768_74L_GP03_dat.xls,P10514-1,71635_30-23-74-82,50,0.146,0,1.09376,27
P10514-1_767&768_74L_GP03_dat.xls,P10514-1,71635_30-23-74-82,50,0.147,0,1.09596,27
P10514-1_767&768_74L_GP03_dat.xls,P10514-1,71635_30-23-74-82,50,0.148,0,1.09936,27
P10514-1_767&768_74L_GP03_dat.xls,P10514-1,71635_30-23-74-82,50,0.149,0,1.09753,27
P10514-1_767&768_74L_GP03_dat.xls,P10514-1,71635_30-23-74-82,50,0.15,0,1.09988,27
P10514-1_767&768_74L_GP03_dat.xls,P10514-1,71635_30-23-74-82,50,0.151,0,1.09946,27
P10514-1_767&768_74L_GP03_dat.xls,P10514-1,71635_30-23-74-82,50,0.152,0,1.09993,27
P10514-1_767&768_74L_GP03_dat.xls,P10514-1,71635_30-23-74-82,50,0.153,0,1.10062,27
P10514-1_767&768_74L_GP03_dat.xls,P10514-1,71635_30-23-74-82,50,0.154,0,1.10955,27
P10514-1_767&768_74L_GP03_dat.xls,P10514-1,71635_30-23-74-82,50,0.155,0,1.11063,27
P10514-1_767&768_74L_GP03_dat.xls,P10514-1,71635_30-23-74-82,50,0.156,0,1.11538,27
P10514-1_767&768_74L_GP03_dat.xls,P10514-1,71635_30-23-74-82,50,0.157,0,1.10243,27
P10514-1_767&768_74L_GP03_dat.xls,P10514-1,71635_30-23-74-82,50,0.158,0,1.10491,27
P10514-1_767&768_74L_GP03_dat.xls,P10514-1,71635_30-23-74-82,50,0.159,0,1.10293,27
P10514-1_767&768_74L_GP03_dat.xls,P10514-1,71635_30-23-74-82,50,0.16,0,1.10655,27
P10514-1_767&768_74L_GP03_dat.xls,P10514-1,71635_30-23-74-82,50,0.161,0,1.11238,27
P10514-1_767&768_74L_GP03_dat.xls,P10514-1,71635_30-23-74-82,50,0.162,0,1.11219,27
P10514-1_767&768_74L_GP03_dat.xls,P10514-1,71635_30-23-74-82,50,0.163,0,1.11374,27
P10514-1_767&768_74L_GP03_dat.xls,P10514-1,71635_30-23-74-82,50,0.164,0,1.11823,27
P10514-1_767&768_74L_GP03_dat.xls,P10514-1,71635_30-23-74-82,50,0.165,0,1.12176,27
P10514-1_767&768_74L_GP03_dat.xls,P10514-1,71635_30-23-74-82,50,0.166,0,1.11832,27
P10514-1_767&768_74L_GP03_dat.xls,P10514-1,71635_30-23-74-82,50,0.167,0,1.12833,27
P10514-1_767&768_74L_GP03_dat.xls,P10514-1,71635_30-23-74-82,50,0.168,0,1.14278,27
P10514-1_767&768_74L_GP03_dat.xls,P10514-1,71635_30-23-74-82,50,0.169,0,1.14762,27
P10514-1_767&768_74L_GP03_dat.xls,P10514-1,71635_30-23-74-82,50,0.17,0,1.15072,27
P10514-1_767&768_74L_GP03_dat.xls,P10514-1,71635_30-23-74-82,50,0.171,0,1.15375,27
P10514-1_767&768_74L_GP03_dat.xls,P10514-1,71635_30-23-74-82,50,0.172,0,1.13969,27
P10514-1_767&768_74L_GP03_dat.xls,P10514-1,71635_30-23-74-82,50,0.173,0,1.13979,27
P10514-1_767&768_74L_GP03_dat.xls,P10514-1,71635_30-23-74-82,50,0.174,0,1.13898,27
P10514-1_767&768_74L_GP03_dat.xls,P10514-1,71635_30-23-74-82,50,0.175,0,1.13183,27
P10514-1_767&768_74L_GP03_dat.xls,P10514-1,71635_30-23-74-82,50,0.176,0,1.1373,27
P10514-1_767&768_74L_GP03_dat.xls,P10514-1,71635_30-23-74-82,50,0.177,0,1.13583,27
P10514-1_767&768_74L_GP03_dat.xls,P10514-1,71635_30-23-74-82,50,0.178,0,1.13773,27
P10514-1_767&768_74L_GP03_dat.xls,P10514-1,71635_30-23-74-82,50,0.179,0,1.1442,27
P10514-1_767&768_74L_GP03_dat.xls,P10514-1,71635_30-23-74-82,50,0.18,0,1.14171,27
P10514-1_767&768_74L_GP03_dat.xls,P10514-1,71635_30-23-74-82,50,0.181,0,1.14315,27
P10514-1_767&768_74L_GP03_dat.xls,P10514-1,71635_30-23-74-82,50,0.182,0,1.14892,27
P10514-1_767&768_74L_GP03_dat.xls,P10514-1,71635_30-23-74-82,50,0.183,0,1.15258,27
P10514-1_767&768_74L_GP03_dat.xls,P10514-1,71635_30-23-74-82,50,0.184,0,1.15213,27
P10514-1_767&768_74L_GP03_dat.xls,P10514-1,71635_30-23-74-82,50,0.185,0,1.15587,27
P10514-1_767&768_74L_GP03_dat.xls,P10514-1,71635_30-23-74-82,50,0.186,0,1.15715,27
P10514-1_767&768_74L_GP03_dat.xls,P10514-1,71635_30-23-74-82,50,0.187,0,1.15367,27
P10514-1_767&768_74L_GP03_dat.xls,P10514-1,71635_30-23-74-82,50,0.188,0,1.15665,27
P10514-1_767&768_74L_GP03_dat.xls,P10514-1,71635_30-23-74-82,50,0.189,0,1.15924,27
P10514-1_767&768_74L_GP03_dat.xls,P10514-1,71635_30-23-74-82,50,0.19,0,1.16616,27
P10514-1_767&768_74L_GP03_dat.xls,P10514-1,71635_30-23-74-82,50,0.191,0,1.16908,27
P10514-1_767&768_74L_GP03_dat.xls,P10514-1,71635_30-23-74-82,50,0.192,0,1.16804,27
P10514-1_767&768_74L_GP03_dat.xls,P10514-1,71635_30-23-74-82,50,0.193,0,1.17838,27
P10514-1_767&768_74L_GP03_dat.xls,P10514-1,71635_30-23-74-82,50,0.194,0,1.18365,27
P10514-1_767&768_74L_GP03_dat.xls,P10514-1,71635_30-23-74-82,50,0.195,0,1.18407,27
P10514-1_767&768_74L_GP03_dat.xls,P10514-1,71635_30-23-74-82,50,0.196,0,1.18442,27
P10514-1_767&768_74L_GP03_dat.xls,P10514-1,71635_30-23-74-82,50,0.197,0,1.19007,27
P10514-1_767&768_74L_GP03_dat.xls,P10514-1,71635_30-23-74-82,50,0.198,0,1.18703,27
P10514-1_767&768_74L_GP03_dat.xls,P10514-1,71635_30-23-74-82,50,0.199,0,1.18056,27
P10514-1_767&768_74L_GP03_dat.xls,P10514-1,71635_30-23-74-82,50,0.2,0,1.18621,27
P10514-1_767&768_74L_GP03_dat.xls,P10514-1,71635_30-23-74-82,50,0.201,0,1.18624,27
P10514-1_767&768_74L_GP03_dat.xls,P10514-1,71635_30-23-74-82,50,0.202,0,1.18571,27
P10514-1_767&768_74L_GP03_dat.xls,P10514-1,71635_30-23-74-82,50,0.203,0,1.1946,27
P10514-1_767&768_74L_GP03_dat.xls,P10514-1,71635_30-23-74-82,50,0.204,0,1.18685,27
P10514-1_767&768_74L_GP03_dat.xls,P10514-1,71635_30-23-74-82,50,0.205,0,1.18895,27
P10514-1_767&768_74L_GP03_dat.xls,P10514-1,71635_30-23-74-82,50,0.206,0,1.18798,27
P10514-1_767&768_74L_GP03_dat.xls,P10514-1,71635_30-23-74-82,50,0.207,0,1.187,27
P10514-1_767&768_74L_GP03_dat.xls,P10514-1,71635_30-23-74-82,50,0.208,0,1.19165,27
P10514-1_767&768_74L_GP03_dat.xls,P10514-1,71635_30-23-74-82,50,0.209,0,1.19118,27
P10514-1_767&768_74L_GP03_dat.xls,P10514-1,71635_30-23-74-82,50,0.21,0,1.19362,27
P10514-1_767&768_74L_GP03_dat.xls,P10514-1,71635_30-23-74-82,50,0.211,0,1.19515,27
P10514-1_767&768_74L_GP03_dat.xls,P10514-1,71635_30-23-74-82,50,0.212,0,1.19804,27
P10514-1_767&768_74L_GP03_dat.xls,P10514-1,71635_30-23-74-82,50,0.213,0,1.19776,27
P10514-1_767&768_74L_GP03_dat.xls,P10514-1,71635_30-23-74-82,50,0.214,0,1.19796,27
P10514-1_767&768_74L_GP03_dat.xls,P10514-1,71635_30-23-74-82,50,0.215,0,1.19656,27
P10514-1_767&768_74L_GP03_dat.xls,P10514-1,71635_30-23-74-82,50,0.216,0,1.20061,27
P10514-1_767&768_74L_GP03_dat.xls,P10514-1,71635_30-23-74-82,50,0.217,0,1.20139,27
P10514-1_767&768_74L_GP03_dat.xls,P10514-1,71635_30-23-74-82,50,0.218,0,1.20465,27
P10514-1_767&768_74L_GP03_dat.xls,P10514-1,71635_30-23-74-82,50,0.219,0,1.20728,27
P10514-1_767&768_74L_GP03_dat.xls,P10514-1,71635_30-23-74-82,50,0.22,0,1.21201,27
P10514-1_767&768_74L_GP03_dat.xls,P10514-1,71635_30-23-74-82,50,0.221,0,1.21335,27
P10514-1_767&768_74L_GP03_dat.xls,P10514-1,71635_30-23-74-82,50,0.222,0,1.21577,27
P10514-1_767&768_74L_GP03_dat.xls,P10514-1,71635_30-23-74-82,50,0.223,0,1.21887,27
P10514-1_767&768_74L_GP03_dat.xls,P10514-1,71635_30-23-74-82,50,0.224,0,1.2233,27
P10514-1_767&768_74L_GP03_dat.xls,P10514-1,71635_30-23-74-82,50,0.225,0,1.22552,27
P10514-1_767&768_74L_GP03_dat.xls,P10514-1,71635_30-23-74-82,50,0.226,0,1.22897,27
P10514-1_767&768_74L_GP03_dat.xls,P10514-1,71635_30-23-74-82,50,0.227,0,1.23225,27
P10514-1_767&768_74L_GP03_dat.xls,P10514-1,71635_30-23-74-82,50,0.228,0,1.23657,27
P10514-1_767&768_74L_GP03_dat.xls,P10514-1,71635_30-23-74-82,50,0.229,0,1.23933,27
P10514-1_767&768_74L_GP03_dat.xls,P10514-1,71635_30-23-74-82,50,0.23,0,1.24115,27
P10514-1_767&768_74L_GP03_dat.xls,P10514-1,71635_30-23-74-82,50,0.231,0,1.24449,27
P10514-1_767&768_74L_GP03_dat.xls,P10514-1,71635_30-23-74-82,50,0.232,0,1.24509,27
P10514-1_767&768_74L_GP03_dat.xls,P10514-1,71635_30-23-74-82,50,0.233,0,1.24791,27
P10514-1_767&768_74L_GP03_dat.xls,P10514-1,71635_30-23-74-82,50,0.234,0,1.25117,27
P10514-1_767&768_74L_GP03_dat.xls,P10514-1,71635_30-23-74-82,50,0.235,0,1.25496,27
P10514-1_767&768_74L_GP03_dat.xls,P10514-1,71635_30-23-74-82,50,0.236,0,1.25817,27
P10514-1_767&768_74L_GP03_dat.xls,P10514-1,71635_30-23-74-82,50,0.237,0,1.26083,27
P10514-1_767&768_74L_GP03_dat.xls,P10514-1,71635_30-23-74-82,50,0.238,0,1.26288,27
P10514-1_767&768_74L_GP03_dat.xls,P10514-1,71635_30-23-74-82,50,0.239,0,1.26531,27
P10514-1_767&768_74L_GP03_dat.xls,P10514-1,71635_30-23-74-82,50,0.24,0,1.26824,27
P10514-1_767&768_74L_GP03_dat.xls,P10514-1,71635_30-23-74-82,50,0.241,0,1.27049,27
P10514-1_767&768_74L_GP03_dat.xls,P10514-1,71635_30-23-74-82,50,0.242,0,1.27429,27
P10514-1_767&768_74L_GP03_dat.xls,P10514-1,71635_30-23-74-82,50,0.243,0,1.27785,27
P10514-1_767&768_74L_GP03_dat.xls,P10514-1,71635_30-23-74-82,50,0.244,0,1.28029,27
P10514-1_767&768_74L_GP03_dat.xls,P10514-1,71635_30-23-74-82,50,0.245,0,1.28364,27
P10514-1_767&768_74L_GP03_dat.xls,P10514-1,71635_30-23-74-82,50,0.246,0,1.28694,27
P10514-1_767&768_74L_GP03_dat.xls,P10514-1,71635_30-23-74-82,50,0.247,0,1.28824,27
P10514-1_767&768_74L_GP03_dat.xls,P10514-1,71635_30-23-74-82,50,0.248,0,1.29024,27
P10514-1_767&768_74L_GP03_dat.xls,P10514-1,71635_30-23-74-82,50,0.249,0,1.29557,27
P10514-1_767&768_74L_GP03_dat.xls,P10514-1,71635_30-23-74-82,50,0.25,0,1.2976,27
P10514-1_767&768_74L_GP03_dat.xls,P10514-1,71635_30-23-74-82,50,0.251,0,1.30204,27
P10514-1_767&768_74L_GP03_dat.xls,P10514-1,71635_30-23-74-82,50,0.252,0,1.30334,27
P10514-1_767&768_74L_GP03_dat.xls,P10514-1,71635_30-23-74-82,50,0.253,0,1.30618,27
P10514-1_767&768_74L_GP03_dat.xls,P10514-1,71635_30-23-74-82,50,0.254,0,1.3093,27
P10514-1_767&768_74L_GP03_dat.xls,P10514-1,71635_30-23-74-82,50,0.255,0,1.31176,27
P10514-1_767&768_74L_GP03_dat.xls,P10514-1,71635_30-23-74-82,50,0.256,0,1.3143,27
P10514-1_767&768_74L_GP03_dat.xls,P10514-1,71635_30-23-74-82,50,0.257,0,1.31629,27
P10514-1_767&768_74L_GP03_dat.xls,P10514-1,71635_30-23-74-82,50,0.258,0,1.3195,27
P10514-1_767&768_74L_GP03_dat.xls,P10514-1,71635_30-23-74-82,50,0.259,0,1.3216,27
P10514-1_767&768_74L_GP03_dat.xls,P10514-1,71635_30-23-74-82,50,0.26,0,1.32754,27
P10514-1_767&768_74L_GP03_dat.xls,P10514-1,71635_30-23-74-82,50,0.261,0,1.32867,27
P10514-1_767&768_74L_GP03_dat.xls,P10514-1,71635_30-23-74-82,50,0.262,0,1.33155,27
P10514-1_767&768_74L_GP03_dat.xls,P10514-1,71635_30-23-74-82,50,0.263,0,1.33508,27
P10514-1_767&768_74L_GP03_dat.xls,P10514-1,71635_30-23-74-82,50,0.264,0,1.33876,27
P10514-1_767&768_74L_GP03_dat.xls,P10514-1,71635_30-23-74-82,50,0.265,0,1.33934,27
P10514-1_767&768_74L_GP03_dat.xls,P10514-1,71635_30-23-74-82,50,0.266,0,1.34338,27
P10514-1_767&768_74L_GP03_dat.xls,P10514-1,71635_30-23-74-82,50,0.267,0,1.34528,27
P10514-1_767&768_74L_GP03_dat.xls,P10514-1,71635_30-23-74-82,50,0.268,0,1.34964,27
P10514-1_767&768_74L_GP03_dat.xls,P10514-1,71635_30-23-74-82,50,0.269,0,1.35134,27
P10514-1_767&768_74L_GP03_dat.xls,P10514-1,71635_30-23-74-82,50,0.27,0,1.35508,27
P10514-1_767&768_74L_GP03_dat.xls,P10514-1,71635_30-23-74-82,50,0.271,0,1.35781,27
P10514-1_767&768_74L_GP03_dat.xls,P10514-1,71635_30-23-74-82,50,0.272,0,1.36061,27
P10514-1_767&768_74L_GP03_dat.xls,P10514-1,71635_30-23-74-82,50,0.273,0,1.36235,27
P10514-1_767&768_74L_GP03_dat.xls,P10514-1,71635_30-23-74-82,50,0.274,0,1.36624,27
P10514-1_767&768_74L_GP03_dat.xls,P10514-1,71635_30-23-74-82,50,0.275,0,1.36902,27
P10514-1_767&768_74L_GP03_dat.xls,P10514-1,71635_30-23-74-82,50,0.276,0,1.37052,27
P10514-1_767&768_74L_GP03_dat.xls,P10514-1,71635_30-23-74-82,50,0.277,0,1.37531,27
P10514-1_767&768_74L_GP03_dat.xls,P10514-1,71635_30-23-74-82,50,0.278,0,1.37762,27
P10514-1_767&768_74L_GP03_dat.xls,P10514-1,71635_30-23-74-82,50,0.279,0,1.37963,27
P10514-1_767&768_74L_GP03_dat.xls,P10514-1,71635_30-23-74-82,50,0.28,0,1.38217,27
P10514-1_767&768_74L_GP03_dat.xls,P10514-1,71635_30-23-74-82,50,0.281,0,1.38327,27
P10514-1_767&768_74L_GP03_dat.xls,P10514-1,71635_30-23-74-82,50,0.282,0,1.38833,27
P10514-1_767&768_74L_GP03_dat.xls,P10514-1,71635_30-23-74-82,50,0.283,0,1.39,27
P10514-1_767&768_74L_GP03_dat.xls,P10514-1,71635_30-23-74-82,50,0.284,0,1.39278,27
P10514-1_767&768_74L_GP03_dat.xls,P10514-1,71635_30-23-74-82,50,0.285,0,1.3942,27
P10514-1_767&768_74L_GP03_dat.xls,P10514-1,71635_30-23-74-82,50,0.286,0,1.39681,27
P10514-1_767&768_74L_GP03_dat.xls,P10514-1,71635_30-23-74-82,50,0.287,0,1.40159,27
P10514-1_767&768_74L_GP03_dat.xls,P10514-1,71635_30-23-74-82,50,0.288,0,1.40395,27
P10514-1_767&768_74L_GP03_dat.xls,P10514-1,71635_30-23-74-82,50,0.289,0,1.405,27
P10514-1_767&768_74L_GP03_dat.xls,P10514-1,71635_30-23-74-82,50,0.29,0,1.40924,27
P10514-1_767&768_74L_GP03_dat.xls,P10514-1,71635_30-23-74-82,50,0.291,0,1.41095,27
P10514-1_767&768_74L_GP03_dat.xls,P10514-1,71635_30-23-74-82,50,0.292,0,1.41417,27
P10514-1_767&768_74L_GP03_dat.xls,P10514-1,71635_30-23-74-82,50,0.293,0,1.41679,27
P10514-1_767&768_74L_GP03_dat.xls,P10514-1,71635_30-23-74-82,50,0.294,0,1.42066,27
P10514-1_767&768_74L_GP03_dat.xls,P10514-1,71635_30-23-74-82,50,0.295,0,1.42388,27
P10514-1_767&768_74L_GP03_dat.xls,P10514-1,71635_30-23-74-82,50,0.296,0,1.42472,27
P10514-1_767&768_74L_GP03_dat.xls,P10514-1,71635_30-23-74-82,50,0.297,0,1.42938,27
P10514-1_767&768_74L_GP03_dat.xls,P10514-1,71635_30-23-74-82,50,0.298,0,1.43024,27
P10514-1_767&768_74L_GP03_dat.xls,P10514-1,71635_30-23-74-82,50,0.299,0,1.43452,27
P10514-1_767&768_74L_GP03_dat.xls,P10514-1,71635_30-23-74-82,50,0.3,0,1.4364,27
P10514-1_767&768_74L_GP03_dat.xls,P10514-1,71635_30-23-74-82,50,0.301,0,1.43955,27
P10514-1_767&768_74L_GP03_dat.xls,P10514-1,71635_30-23-74-82,50,0.302,0,1.44106,27
P10514-1_767&768_74L_GP03_dat.xls,P10514-1,71635_30-23-74-82,50,0.303,0,1.44473,27
P10514-1_767&768_74L_GP03_dat.xls,P10514-1,71635_30-23-74-82,50,0.304,0,1.44735,27
P10514-1_767&768_74L_GP03_dat.xls,P10514-1,71635_30-23-74-82,50,0.305,0,1.44963,27
P10514-1_767&768_74L_GP03_dat.xls,P10514-1,71635_30-23-74-82,50,0.306,0,1.45182,27
P10514-1_767&768_74L_GP03_dat.xls,P10514-1,71635_30-23-74-82,50,0.307,0,1.45437,27
P10514-1_767&768_74L_GP03_dat.xls,P10514-1,71635_30-23-74-82,50,0.308,0,1.4577,27
P10514-1_767&768_74L_GP03_dat.xls,P10514-1,71635_30-23-74-82,50,0.309,0,1.45973,27
P10514-1_767&768_74L_GP03_dat.xls,P10514-1,71635_30-23-74-82,50,0.31,0,1.4636,27
P10514-1_767&768_74L_GP03_dat.xls,P10514-1,71635_30-23-74-82,50,0.311,0,1.46448,27
P10514-1_767&768_74L_GP03_dat.xls,P10514-1,71635_30-23-74-82,50,0.312,0,1.46738,27
P10514-1_767&768_74L_GP03_dat.xls,P10514-1,71635_30-23-74-82,50,0.313,0,1.47103,27
P10514-1_767&768_74L_GP03_dat.xls,P10514-1,71635_30-23-74-82,50,0.314,0,1.47386,27
P10514-1_767&768_74L_GP03_dat.xls,P10514-1,71635_30-23-74-82,50,0.315,0,1.47499,27
P10514-1_767&768_74L_GP03_dat.xls,P10514-1,71635_30-23-74-82,50,0.316,0,1.47833,27
P10514-1_767&768_74L_GP03_dat.xls,P10514-1,71635_30-23-74-82,50,0.317,0,1.48082,27
P10514-1_767&768_74L_GP03_dat.xls,P10514-1,71635_30-23-74-82,50,0.318,0,1.48276,27
P10514-1_767&768_74L_GP03_dat.xls,P10514-1,71635_30-23-74-82,50,0.319,0,1.48672,27
P10514-1_767&768_74L_GP03_dat.xls,P10514-1,71635_30-23-74-82,50,0.32,0,1.48894,27
P10514-1_767&768_74L_GP03_dat.xls,P10514-1,71635_30-23-74-82,50,0.321,0,1.491,27
P10514-1_767&768_74L_GP03_dat.xls,P10514-1,71635_30-23-74-82,50,0.322,0,1.49294,27
P10514-1_767&768_74L_GP03_dat.xls,P10514-1,71635_30-23-74-82,50,0.323,0,1.4974,27
P10514-1_767&768_74L_GP03_dat.xls,P10514-1,71635_30-23-74-82,50,0.324,0,1.49869,27
P10514-1_767&768_74L_GP03_dat.xls,P10514-1,71635_30-23-74-82,50,0.325,0,1.50095,27
P10514-1_767&768_74L_GP03_dat.xls,P10514-1,71635_30-23-74-82,50,0.326,0,1.50472,27
P10514-1_767&768_74L_GP03_dat.xls,P10514-1,71635_30-23-74-82,50,0.327,0,1.50735,27
P10514-1_767&768_74L_GP03_dat.xls,P10514-1,71635_30-23-74-82,50,0.328,0,1.50958,27
P10514-1_767&768_74L_GP03_dat.xls,P10514-1,71635_30-23-74-82,50,0.329,0,1.51208,27
P10514-1_767&768_74L_GP03_dat.xls,P10514-1,71635_30-23-74-82,50,0.33,0,1.51426,27
P10514-1_767&768_74L_GP03_dat.xls,P10514-1,71635_30-23-74-82,50,0.331,0,1.51778,27
P10514-1_767&768_74L_GP03_dat.xls,P10514-1,71635_30-23-74-82,50,0.332,0,1.52181,27
P10514-1_767&768_74L_GP03_dat.xls,P10514-1,71635_30-23-74-82,50,0.333,0,1.52346,27
P10514-1_767&768_74L_GP03_dat.xls,P10514-1,71635_30-23-74-82,50,0.334,0,1.52545,27
P10514-1_767&768_74L_GP03_dat.xls,P10514-1,71635_30-23-74-82,50,0.335,0,1.52818,27
P10514-1_767&768_74L_GP03_dat.xls,P10514-1,71635_30-23-74-82,50,0.336,0,1.53068,27
P10514-1_767&768_74L_GP03_dat.xls,P10514-1,71635_30-23-74-82,50,0.337,0,1.53297,27
P10514-1_767&768_74L_GP03_dat.xls,P10514-1,71635_30-23-74-82,50,0.338,0,1.53603,27
P10514-1_767&768_74L_GP03_dat.xls,P10514-1,71635_30-23-74-82,50,0.339,0,1.53845,27
P10514-1_767&768_74L_GP03_dat.xls,P10514-1,71635_30-23-74-82,50,0.34,0,1.54157,27
P10514-1_767&768_74L_GP03_dat.xls,P10514-1,71635_30-23-74-82,50,0.341,0,1.54472,27
P10514-1_767&768_74L_GP03_dat.xls,P10514-1,71635_30-23-74-82,50,0.342,0,1.54766,27
P10514-1_767&768_74L_GP03_dat.xls,P10514-1,71635_30-23-74-82,50,0.343,0,1.54894,27
P10514-1_767&768_74L_GP03_dat.xls,P10514-1,71635_30-23-74-82,50,0.344,0,1.55118,27
P10514-1_767&768_74L_GP03_dat.xls,P10514-1,71635_30-23-74-82,50,0.345,0,1.55294,27
P10514-1_767&768_74L_GP03_dat.xls,P10514-1,71635_30-23-74-82,50,0.346,0,1.55635,27
P10514-1_767&768_74L_GP03_dat.xls,P10514-1,71635_30-23-74-82,50,0.347,0,1.5578,27
P10514-1_767&768_74L_GP03_dat.xls,P10514-1,71635_30-23-74-82,50,0.348,0,1.56193,27
P10514-1_767&768_74L_GP03_dat.xls,P10514-1,71635_30-23-74-82,50,0.349,0,1.56452,27
P10514-1_767&768_74L_GP03_dat.xls,P10514-1,71635_30-23-74-82,50,0.35,0,1.56774,27
P10514-1_767&768_74L_GP03_dat.xls,P10514-1,71635_30-23-74-82,50,0.351,0,1.56893,27
P10514-1_767&768_74L_GP03_dat.xls,P10514-1,71635_30-23-74-82,50,0.352,0,1.57166,27
P10514-1_767&768_74L_GP03_dat.xls,P10514-1,71635_30-23-74-82,50,0.353,0,1.57388,27
P10514-1_767&768_74L_GP03_dat.xls,P10514-1,71635_30-23-74-82,50,0.354,0,1.57691,27
P10514-1_767&768_74L_GP03_dat.xls,P10514-1,71635_30-23-74-82,50,0.355,0,1.57894,27
P10514-1_767&768_74L_GP03_dat.xls,P10514-1,71635_30-23-74-82,50,0.356,0,1.58178,27
P10514-1_767&768_74L_GP03_dat.xls,P10514-1,71635_30-23-74-82,50,0.357,0,1.58485,27
P10514-1_767&768_74L_GP03_dat.xls,P10514-1,71635_30-23-74-82,50,0.358,0,1.58623,27
P10514-1_767&768_74L_GP03_dat.xls,P10514-1,71635_30-23-74-82,50,0.359,0,1.59061,27
P10514-1_767&768_74L_GP03_dat.xls,P10514-1,71635_30-23-74-82,50,0.36,0,1.59161,27
P10514-1_767&768_74L_GP03_dat.xls,P10514-1,71635_30-23-74-82,50,0.361,0,1.59404,27
P10514-1_767&768_74L_GP03_dat.xls,P10514-1,71635_30-23-74-82,50,0.362,0,1.59698,27
P10514-1_767&768_74L_GP03_dat.xls,P10514-1,71635_30-23-74-82,50,0.363,0,1.59888,27
P10514-1_767&768_74L_GP03_dat.xls,P10514-1,71635_30-23-74-82,50,0.364,0,1.60262,27
P10514-1_767&768_74L_GP03_dat.xls,P10514-1,71635_30-23-74-82,50,0.365,0,1.60298,27
P10514-1_767&768_74L_GP03_dat.xls,P10514-1,71635_30-23-74-82,50,0.366,0,1.60681,27
P10514-1_767&768_74L_GP03_dat.xls,P10514-1,71635_30-23-74-82,50,0.367,0,1.6091,27
P10514-1_767&768_74L_GP03_dat.xls,P10514-1,71635_30-23-74-82,50,0.368,0,1.6115,27
P10514-1_767&768_74L_GP03_dat.xls,P10514-1,71635_30-23-74-82,50,0.369,0,1.61409,27
P10514-1_767&768_74L_GP03_dat.xls,P10514-1,71635_30-23-74-82,50,0.37,0,1.61657,27
P10514-1_767&768_74L_GP03_dat.xls,P10514-1,71635_30-23-74-82,50,0.371,0,1.61926,27
P10514-1_767&768_74L_GP03_dat.xls,P10514-1,71635_30-23-74-82,50,0.372,0,1.6213,27
P10514-1_767&768_74L_GP03_dat.xls,P10514-1,71635_30-23-74-82,50,0.373,0,1.62363,27
P10514-1_767&768_74L_GP03_dat.xls,P10514-1,71635_30-23-74-82,50,0.374,0,1.62453,27
P10514-1_767&768_74L_GP03_dat.xls,P10514-1,71635_30-23-74-82,50,0.375,0,1.62767,27
P10514-1_767&768_74L_GP03_dat.xls,P10514-1,71635_30-23-74-82,50,0.376,0,1.62999,27
P10514-1_767&768_74L_GP03_dat.xls,P10514-1,71635_30-23-74-82,50,0.377,0,1.63391,27
P10514-1_767&768_74L_GP03_dat.xls,P10514-1,71635_30-23-74-82,50,0.378,0,1.63485,27
P10514-1_767&768_74L_GP03_dat.xls,P10514-1,71635_30-23-74-82,50,0.379,0,1.63844,27
P10514-1_767&768_74L_GP03_dat.xls,P10514-1,71635_30-23-74-82,50,0.38,0,1.64016,27
P10514-1_767&768_74L_GP03_dat.xls,P10514-1,71635_30-23-74-82,50,0.381,0,1.6432,27
P10514-1_767&768_74L_GP03_dat.xls,P10514-1,71635_30-23-74-82,50,0.382,0,1.64409,27
P10514-1_767&768_74L_GP03_dat.xls,P10514-1,71635_30-23-74-82,50,0.383,0,1.64753,27
P10514-1_767&768_74L_GP03_dat.xls,P10514-1,71635_30-23-74-82,50,0.384,0,1.65036,27
P10514-1_767&768_74L_GP03_dat.xls,P10514-1,71635_30-23-74-82,50,0.385,0,1.65289,27
P10514-1_767&768_74L_GP03_dat.xls,P10514-1,71635_30-23-74-82,50,0.386,0,1.65386,27
P10514-1_767&768_74L_GP03_dat.xls,P10514-1,71635_30-23-74-82,50,0.387,0,1.65892,27
P10514-1_767&768_74L_GP03_dat.xls,P10514-1,71635_30-23-74-82,50,0.388,0,1.65985,27
P10514-1_767&768_74L_GP03_dat.xls,P10514-1,71635_30-23-74-82,50,0.389,0,1.66199,27
P10514-1_767&768_74L_GP03_dat.xls,P10514-1,71635_30-23-74-82,50,0.39,0,1.66441,27
P10514-1_767&768_74L_GP03_dat.xls,P10514-1,71635_30-23-74-82,50,0.391,0,1.66679,27
P10514-1_767&768_74L_GP03_dat.xls,P10514-1,71635_30-23-74-82,50,0.392,0,1.6704,27
P10514-1_767&768_74L_GP03_dat.xls,P10514-1,71635_30-23-74-82,50,0.393,0,1.67242,27
P10514-1_767&768_74L_GP03_dat.xls,P10514-1,71635_30-23-74-82,50,0.394,0,1.67395,27
P10514-1_767&768_74L_GP03_dat.xls,P10514-1,71635_30-23-74-82,50,0.395,0,1.67832,27
P10514-1_767&768_74L_GP03_dat.xls,P10514-1,71635_30-23-74-82,50,0.396,0,1.68044,27
P10514-1_767&768_74L_GP03_dat.xls,P10514-1,71635_30-23-74-82,50,0.397,0,1.68272,27
P10514-1_767&768_74L_GP03_dat.xls,P10514-1,71635_30-23-74-82,50,0.398,0,1.68374,27
P10514-1_767&768_74L_GP03_dat.xls,P10514-1,71635_30-23-74-82,50,0.399,0,1.68729,27
P10514-1_767&768_74L_GP03_dat.xls,P10514-1,71635_30-23-74-82,50,0.4,0,1.69095,27
P10514-1_767&768_74L_GP03_dat.xls,P10514-1,71635_30-23-74-82,50,0.401,0,1.69289,27
P10514-1_767&768_74L_GP03_dat.xls,P10514-1,71635_30-23-74-82,50,0.402,0,1.69434,27
P10514-1_767&768_74L_GP03_dat.xls,P10514-1,71635_30-23-74-82,50,0.403,0,1.69726,27
P10514-1_767&768_74L_GP03_dat.xls,P10514-1,71635_30-23-74-82,50,0.404,0,1.70072,27
P10514-1_767&768_74L_GP03_dat.xls,P10514-1,71635_30-23-74-82,50,0.405,0,1.70149,27
P10514-1_767&768_74L_GP03_dat.xls,P10514-1,71635_30-23-74-82,50,0.406,0,1.70502,27
P10514-1_767&768_74L_GP03_dat.xls,P10514-1,71635_30-23-74-82,50,0.407,0,1.70763,27
P10514-1_767&768_74L_GP03_dat.xls,P10514-1,71635_30-23-74-82,50,0.408,0,1.70968,27
P10514-1_767&768_74L_GP03_dat.xls,P10514-1,71635_30-23-74-82,50,0.409,0,1.71348,27
P10514-1_767&768_74L_GP03_dat.xls,P10514-1,71635_30-23-74-82,50,0.41,0,1.71442,27
P10514-1_767&768_74L_GP03_dat.xls,P10514-1,71635_30-23-74-82,50,0.411,0,1.71768,27
P10514-1_767&768_74L_GP03_dat.xls,P10514-1,71635_30-23-74-82,50,0.412,0,1.7199,27
P10514-1_767&768_74L_GP03_dat.xls,P10514-1,71635_30-23-74-82,50,0.413,0,1.72185,27
P10514-1_767&768_74L_GP03_dat.xls,P10514-1,71635_30-23-74-82,50,0.414,0,1.72492,27
P10514-1_767&768_74L_GP03_dat.xls,P10514-1,71635_30-23-74-82,50,0.415,0,1.72629,27
P10514-1_767&768_74L_GP03_dat.xls,P10514-1,71635_30-23-74-82,50,0.416,0,1.72939,27
P10514-1_767&768_74L_GP03_dat.xls,P10514-1,71635_30-23-74-82,50,0.417,0,1.73112,27
P10514-1_767&768_74L_GP03_dat.xls,P10514-1,71635_30-23-74-82,50,0.418,0,1.73417,27
P10514-1_767&768_74L_GP03_dat.xls,P10514-1,71635_30-23-74-82,50,0.419,0,1.73836,27
P10514-1_767&768_74L_GP03_dat.xls,P10514-1,71635_30-23-74-82,50,0.42,0,1.73957,27
P10514-1_767&768_74L_GP03_dat.xls,P10514-1,71635_30-23-74-82,50,0.421,0,1.743,27
P10514-1_767&768_74L_GP03_dat.xls,P10514-1,71635_30-23-74-82,50,0.422,0,1.74295,27
P10514-1_767&768_74L_GP03_dat.xls,P10514-1,71635_30-23-74-82,50,0.423,0,1.74641,27
P10514-1_767&768_74L_GP03_dat.xls,P10514-1,71635_30-23-74-82,50,0.424,0,1.74931,27
P10514-1_767&768_74L_GP03_dat.xls,P10514-1,71635_30-23-74-82,50,0.425,0,1.75077,27
P10514-1_767&768_74L_GP03_dat.xls,P10514-1,71635_30-23-74-82,50,0.426,0,1.75426,27
P10514-1_767&768_74L_GP03_dat.xls,P10514-1,71635_30-23-74-82,50,0.427,0,1.75722,27
P10514-1_767&768_74L_GP03_dat.xls,P10514-1,71635_30-23-74-82,50,0.428,0,1.75847,27
P10514-1_767&768_74L_GP03_dat.xls,P10514-1,71635_30-23-74-82,50,0.429,0,1.7615,27
P10514-1_767&768_74L_GP03_dat.xls,P10514-1,71635_30-23-74-82,50,0.43,0,1.7644,27
P10514-1_767&768_74L_GP03_dat.xls,P10514-1,71635_30-23-74-82,50,0.431,0,1.76716,27
P10514-1_767&768_74L_GP03_dat.xls,P10514-1,71635_30-23-74-82,50,0.432,0,1.76964,27
P10514-1_767&768_74L_GP03_dat.xls,P10514-1,71635_30-23-74-82,50,0.433,0,1.77202,27
P10514-1_767&768_74L_GP03_dat.xls,P10514-1,71635_30-23-74-82,50,0.434,0,1.7744,27
P10514-1_767&768_74L_GP03_dat.xls,P10514-1,71635_30-23-74-82,50,0.435,0,1.77626,27
P10514-1_767&768_74L_GP03_dat.xls,P10514-1,71635_30-23-74-82,50,0.436,0,1.77845,27
P10514-1_767&768_74L_GP03_dat.xls,P10514-1,71635_30-23-74-82,50,0.437,0,1.7813,27
P10514-1_767&768_74L_GP03_dat.xls,P10514-1,71635_30-23-74-82,50,0.438,0,1.78324,27
P10514-1_767&768_74L_GP03_dat.xls,P10514-1,71635_30-23-74-82,50,0.439,0,1.786,27
P10514-1_767&768_74L_GP03_dat.xls,P10514-1,71635_30-23-74-82,50,0.44,0,1.78851,27
P10514-1_767&768_74L_GP03_dat.xls,P10514-1,71635_30-23-74-82,50,0.441,0,1.7927,27
P10514-1_767&768_74L_GP03_dat.xls,P10514-1,71635_30-23-74-82,50,0.442,0,1.79522,27
P10514-1_767&768_74L_GP03_dat.xls,P10514-1,71635_30-23-74-82,50,0.443,0,1.79601,27
P10514-1_767&768_74L_GP03_dat.xls,P10514-1,71635_30-23-74-82,50,0.444,0,1.79892,27
P10514-1_767&768_74L_GP03_dat.xls,P10514-1,71635_30-23-74-82,50,0.445,0,1.80054,27
P10514-1_767&768_74L_GP03_dat.xls,P10514-1,71635_30-23-74-82,50,0.446,0,1.80197,27
P10514-1_767&768_74L_GP03_dat.xls,P10514-1,71635_30-23-74-82,50,0.447,0,1.80546,27
P10514-1_767&768_74L_GP03_dat.xls,P10514-1,71635_30-23-74-82,50,0.448,0,1.80568,27
P10514-1_767&768_74L_GP03_dat.xls,P10514-1,71635_30-23-74-82,50,0.449,0,1.80905,27
P10514-1_767&768_74L_GP03_dat.xls,P10514-1,71635_30-23-74-82,50,0.45,0,1.81124,27
P10514-1_767&768_74L_GP03_dat.xls,P10514-1,71635_30-23-74-82,50,0.451,0,1.81291,27
P10514-1_767&768_74L_GP03_dat.xls,P10514-1,71635_30-23-74-82,50,0.452,0,1.81595,27
P10514-1_767&768_74L_GP03_dat.xls,P10514-1,71635_30-23-74-82,50,0.453,0,1.81838,27
P10514-1_767&768_74L_GP03_dat.xls,P10514-1,71635_30-23-74-82,50,0.454,0,1.81913,27
P10514-1_767&768_74L_GP03_dat.xls,P10514-1,71635_30-23-74-82,50,0.455,0,1.82211,27
P10514-1_767&768_74L_GP03_dat.xls,P10514-1,71635_30-23-74-82,50,0.456,0,1.82469,27
P10514-1_767&768_74L_GP03_dat.xls,P10514-1,71635_30-23-74-82,50,0.457,0,1.82654,27
P10514-1_767&768_74L_GP03_dat.xls,P10514-1,71635_30-23-74-82,50,0.458,0,1.82839,27
P10514-1_767&768_74L_GP03_dat.xls,P10514-1,71635_30-23-74-82,50,0.459,0,1.83186,27
P10514-1_767&768_74L_GP03_dat.xls,P10514-1,71635_30-23-74-82,50,0.46,0,1.83442,27
P10514-1_767&768_74L_GP03_dat.xls,P10514-1,71635_30-23-74-82,50,0.461,0,1.83753,27
P10514-1_767&768_74L_GP03_dat.xls,P10514-1,71635_30-23-74-82,50,0.462,0,1.83834,27
P10514-1_767&768_74L_GP03_dat.xls,P10514-1,71635_30-23-74-82,50,0.463,0,1.84276,27
P10514-1_767&768_74L_GP03_dat.xls,P10514-1,71635_30-23-74-82,50,0.464,0,1.844,27
P10514-1_767&768_74L_GP03_dat.xls,P10514-1,71635_30-23-74-82,50,0.465,0,1.846,27
P10514-1_767&768_74L_GP03_dat.xls,P10514-1,71635_30-23-74-82,50,0.466,0,1.84835,27
P10514-1_767&768_74L_GP03_dat.xls,P10514-1,71635_30-23-74-82,50,0.467,0,1.85088,27
P10514-1_767&768_74L_GP03_dat.xls,P10514-1,71635_30-23-74-82,50,0.468,0,1.85393,27
P10514-1_767&768_74L_GP03_dat.xls,P10514-1,71635_30-23-74-82,50,0.469,0,1.85503,27
P10514-1_767&768_74L_GP03_dat.xls,P10514-1,71635_30-23-74-82,50,0.47,0,1.85922,27
P10514-1_767&768_74L_GP03_dat.xls,P10514-1,71635_30-23-74-82,50,0.471,0,1.86031,27
P10514-1_767&768_74L_GP03_dat.xls,P10514-1,71635_30-23-74-82,50,0.472,0,1.86333,27
P10514-1_767&768_74L_GP03_dat.xls,P10514-1,71635_30-23-74-82,50,0.473,0,1.865,27
P10514-1_767&768_74L_GP03_dat.xls,P10514-1,71635_30-23-74-82,50,0.474,0,1.86777,27
P10514-1_767&768_74L_GP03_dat.xls,P10514-1,71635_30-23-74-82,50,0.475,0,1.86932,27
P10514-1_767&768_74L_GP03_dat.xls,P10514-1,71635_30-23-74-82,50,0.476,0,1.87186,27
P10514-1_767&768_74L_GP03_dat.xls,P10514-1,71635_30-23-74-82,50,0.477,0,1.87493,27
P10514-1_767&768_74L_GP03_dat.xls,P10514-1,71635_30-23-74-82,50,0.478,0,1.87608,27
P10514-1_767&768_74L_GP03_dat.xls,P10514-1,71635_30-23-74-82,50,0.479,0,1.87812,27
P10514-1_767&768_74L_GP03_dat.xls,P10514-1,71635_30-23-74-82,50,0.48,0,1.88038,27
P10514-1_767&768_74L_GP03_dat.xls,P10514-1,71635_30-23-74-82,50,0.481,0,1.88381,27
P10514-1_767&768_74L_GP03_dat.xls,P10514-1,71635_30-23-74-82,50,0.482,0,1.88529,27
P10514-1_767&768_74L_GP03_dat.xls,P10514-1,71635_30-23-74-82,50,0.483,0,1.88784,27
P10514-1_767&768_74L_GP03_dat.xls,P10514-1,71635_30-23-74-82,50,0.484,0,1.88998,27
P10514-1_767&768_74L_GP03_dat.xls,P10514-1,71635_30-23-74-82,50,0.485,0,1.89257,27
P10514-1_767&768_74L_GP03_dat.xls,P10514-1,71635_30-23-74-82,50,0.486,0,1.89494,27
P10514-1_767&768_74L_GP03_dat.xls,P10514-1,71635_30-23-74-82,50,0.487,0,1.89767,27
P10514-1_767&768_74L_GP03_dat.xls,P10514-1,71635_30-23-74-82,50,0.488,0,1.89972,27
P10514-1_767&768_74L_GP03_dat.xls,P10514-1,71635_30-23-74-82,50,0.489,0,1.90231,27
P10514-1_767&768_74L_GP03_dat.xls,P10514-1,71635_30-23-74-82,50,0.49,0,1.90443,27
P10514-1_767&768_74L_GP03_dat.xls,P10514-1,71635_30-23-74-82,50,0.491,0,1.90703,27
P10514-1_767&768_74L_GP03_dat.xls,P10514-1,71635_30-23-74-82,50,0.492,0,1.90889,27
P10514-1_767&768_74L_GP03_dat.xls,P10514-1,71635_30-23-74-82,50,0.493,0,1.91084,27
P10514-1_767&768_74L_GP03_dat.xls,P10514-1,71635_30-23-74-82,50,0.494,0,1.91393,27
P10514-1_767&768_74L_GP03_dat.xls,P10514-1,71635_30-23-74-82,50,0.495,0,1.91659,27
P10514-1_767&768_74L_GP03_dat.xls,P10514-1,71635_30-23-74-82,50,0.496,0,1.91898,27
P10514-1_767&768_74L_GP03_dat.xls,P10514-1,71635_30-23-74-82,50,0.497,0,1.92,27
P10514-1_767&768_74L_GP03_dat.xls,P10514-1,71635_30-23-74-82,50,0.498,0,1.92278,27
P10514-1_767&768_74L_GP03_dat.xls,P10514-1,71635_30-23-74-82,50,0.499,0,1.92516,27
P10514-1_767&768_74L_GP03_dat.xls,P10514-1,71635_30-23-74-82,50,0.5,0,1.92672,27
