lotID,SN,tempC,current,power,voltage,dLdI,dVdI
P10515-4,71636_30-NA-29M-K3,50,0,0,0.4894,0.3101,1.9128
P10515-4,71636_30-NA-29M-K3,50,5e-4,6.63e-6,0.7036,-0.0118,248.19
P10515-4,71636_30-NA-29M-K3,50,0.001,5.33e-6,0.7376,0.0011,52.68
P10515-4,71636_30-NA-29M-K3,50,0.0015,7.75e-6,0.7563,0.0014,30.07
P10515-4,71636_30-NA-29M-K3,50,0.002,6.68e-6,0.7677,0.0065,20.64
P10515-4,71636_30-NA-29M-K3,50,0.0025,0,0.7769,-0.0023,16.83
P10515-4,71636_30-NA-29M-K3,50,0.003,4.4e-6,0.7845,-0.0135,14.13
P10515-4,71636_30-NA-29M-K3,50,0.0035,6.6e-7,0.7911,0.0032,13.29
P10515-4,71636_30-NA-29M-K3,50,0.004,7.61e-6,0.7978,0.0121,11.54
P10515-4,71636_30-NA-29M-K3,50,0.0045,0,0.8026,0.0065,9.92
P10515-4,71636_30-NA-29M-K3,50,0.005,0,0.8077,-0.0068,9.58
P10515-4,71636_30-NA-29M-K3,50,0.0055,5.97e-6,0.8122,-0.0141,8.3
P10515-4,71636_30-NA-29M-K3,50,0.006,0,0.816,0.0033,8.47
P10515-4,71636_30-NA-29M-K3,50,0.0065,9.25e-6,0.8207,0.0148,9.01
P10515-4,71636_30-NA-29M-K3,50,0.007,0,0.825,-0.0021,6.81
P10515-4,71636_30-NA-29M-K3,50,0.0075,7.11e-6,0.8275,-0.0101,6.73
P10515-4,71636_30-NA-29M-K3,50,0.008,4.72e-6,0.8317,0.0037,7.38
P10515-4,71636_30-NA-29M-K3,50,0.0085,0,0.8348,0.0053,6.21
P10515-4,71636_30-NA-29M-K3,50,0.009,9.98e-6,0.838,-0.0015,6.96
P10515-4,71636_30-NA-29M-K3,50,0.0095,9.28e-6,0.8418,0.0066,5.65
P10515-4,71636_30-NA-29M-K3,50,0.01,0,0.8436,0.0044,5.04
P10515-4,71636_30-NA-29M-K3,50,0.0105,0,0.8468,-0.0029,5.7
P10515-4,71636_30-NA-29M-K3,50,0.011,0,0.8493,0.0191,5.49
P10515-4,71636_30-NA-29M-K3,50,0.0115,0,0.8523,0.0067,6.16
P10515-4,71636_30-NA-29M-K3,50,0.012,0,0.8555,-0.0097,5.66
P10515-4,71636_30-NA-29M-K3,50,0.0125,0,0.858,0.0068,4.31
P10515-4,71636_30-NA-29M-K3,50,0.013,0,0.8598,0.0159,4.48
P10515-4,71636_30-NA-29M-K3,50,0.0135,0,0.8625,0.017,5.07
P10515-4,71636_30-NA-29M-K3,50,0.014,0,0.8648,0.0033,4.1
P10515-4,71636_30-NA-29M-K3,50,0.0145,0,0.8666,9e-4,2.99
P10515-4,71636_30-NA-29M-K3,50,0.015,0,0.8678,0.0081,5.02
P10515-4,71636_30-NA-29M-K3,50,0.0155,1e-4,0.8716,0.0526,4.82
P10515-4,71636_30-NA-29M-K3,50,0.016,1e-4,0.8726,0.145,2.57
P10515-4,71636_30-NA-29M-K3,50,0.0165,2e-4,0.8742,0.1682,2.4
P10515-4,71636_30-NA-29M-K3,50,0.017,3e-4,0.875,0.1549,2.22
P10515-4,71636_30-NA-29M-K3,50,0.0175,4e-4,0.8764,0.1718,2.81
P10515-4,71636_30-NA-29M-K3,50,0.018,4e-4,0.8779,0.18,4.01
P10515-4,71636_30-NA-29M-K3,50,0.0185,5e-4,0.8804,0.175,4
P10515-4,71636_30-NA-29M-K3,50,0.019,6e-4,0.8819,0.1703,1.13
P10515-4,71636_30-NA-29M-K3,50,0.0195,7e-4,0.8815,0.1583,0.76
P10515-4,71636_30-NA-29M-K3,50,0.02,8e-4,0.8826,0.155,3.05
P10515-4,71636_30-NA-29M-K3,50,0.0205,9e-4,0.8846,0.1682,3.72
P10515-4,71636_30-NA-29M-K3,50,0.021,9e-4,0.8863,0.1719,2.3
P10515-4,71636_30-NA-29M-K3,50,0.0215,0.001,0.8869,0.1652,3.04
P10515-4,71636_30-NA-29M-K3,50,0.022,0.0011,0.8894,0.1548,3.67
P10515-4,71636_30-NA-29M-K3,50,0.0225,0.0012,0.8906,0.1656,1.2
P10515-4,71636_30-NA-29M-K3,50,0.023,0.0013,0.8906,0.1796,1.61
P10515-4,71636_30-NA-29M-K3,50,0.0235,0.0014,0.8922,0.1786,3.39
P10515-4,71636_30-NA-29M-K3,50,0.024,0.0014,0.894,0.1666,2.93
P10515-4,71636_30-NA-29M-K3,50,0.0245,0.0015,0.8951,0.1535,1.82
P10515-4,71636_30-NA-29M-K3,50,0.025,0.0016,0.8958,0.1583,3.06
P10515-4,71636_30-NA-29M-K3,50,0.0255,0.0017,0.8982,0.1612,3.79
P10515-4,71636_30-NA-29M-K3,50,0.026,0.0018,0.8996,0.1541,2.06
P10515-4,71636_30-NA-29M-K3,50,0.0265,0.0018,0.9002,0.1636,0.93
P10515-4,71636_30-NA-29M-K3,50,0.027,0.0019,0.9005,0.1657,2.25
P10515-4,71636_30-NA-29M-K3,50,0.0275,0.002,0.9025,0.1662,2.19
P10515-4,71636_30-NA-29M-K3,50,0.028,0.0021,0.9027,0.1658,2.15
P10515-4,71636_30-NA-29M-K3,50,0.0285,0.0022,0.9046,0.159,4.06
P10515-4,71636_30-NA-29M-K3,50,0.029,0.0023,0.9068,0.1608,3.68
P10515-4,71636_30-NA-29M-K3,50,0.0295,0.0023,0.9083,0.1636,1.82
P10515-4,71636_30-NA-29M-K3,50,0.03,0.0024,0.9086,0.1527,1.91
P10515-4,71636_30-NA-29M-K3,50,0.0305,0.0025,0.9102,0.1676,2.75
P10515-4,71636_30-NA-29M-K3,50,0.031,0.0026,0.9113,0.1639,2.19
P10515-4,71636_30-NA-29M-K3,50,0.0315,0.0026,0.9124,0.1444,2.14
P10515-4,71636_30-NA-29M-K3,50,0.032,0.0027,0.9135,0.1672,3.63
P10515-4,71636_30-NA-29M-K3,50,0.0325,0.0028,0.916,0.1712,2.49
P10515-4,71636_30-NA-29M-K3,50,0.033,0.0029,0.916,0.155,2.03
P10515-4,71636_30-NA-29M-K3,50,0.0335,0.003,0.918,0.1528,2.6
P10515-4,71636_30-NA-29M-K3,50,0.034,0.0031,0.9186,0.1507,1.75
P10515-4,71636_30-NA-29M-K3,50,0.0345,0.0031,0.9198,0.1492,2.16
P10515-4,71636_30-NA-29M-K3,50,0.035,0.0032,0.9207,0.1583,3.51
P10515-4,71636_30-NA-29M-K3,50,0.0355,0.0033,0.9233,0.161,2.67
P10515-4,71636_30-NA-29M-K3,50,0.036,0.0034,0.9234,0.1552,1.28
P10515-4,71636_30-NA-29M-K3,50,0.0365,0.0034,0.9246,0.152,2.76
P10515-4,71636_30-NA-29M-K3,50,0.037,0.0035,0.9262,0.1563,2.92
P10515-4,71636_30-NA-29M-K3,50,0.0375,0.0036,0.9275,0.1552,3.02
P10515-4,71636_30-NA-29M-K3,50,0.038,0.0037,0.9292,0.1622,2.48
P10515-4,71636_30-NA-29M-K3,50,0.0385,0.0038,0.93,0.1532,1.04
P10515-4,71636_30-NA-29M-K3,50,0.039,0.0038,0.9302,0.1426,3.24
P10515-4,71636_30-NA-29M-K3,50,0.0395,0.0039,0.9332,0.1581,3.48
P10515-4,71636_30-NA-29M-K3,50,0.04,0.004,0.9337,0.1778,1.33
P10515-4,71636_30-NA-29M-K3,50,0.0405,0.0041,0.9346,0.1623,2
P10515-4,71636_30-NA-29M-K3,50,0.041,0.0041,0.9357,0.1546,2.48
P10515-4,71636_30-NA-29M-K3,50,0.0415,0.0042,0.937,0.1627,2.79
P10515-4,71636_30-NA-29M-K3,50,0.042,0.0043,0.9385,0.1489,1.96
P10515-4,71636_30-NA-29M-K3,50,0.0425,0.0044,0.939,0.1456,2
P10515-4,71636_30-NA-29M-K3,50,0.043,0.0045,0.9405,0.1458,2.15
P10515-4,71636_30-NA-29M-K3,50,0.0435,0.0045,0.9412,0.1548,1.99
P10515-4,71636_30-NA-29M-K3,50,0.044,0.0046,0.9425,0.1501,3.06
P10515-4,71636_30-NA-29M-K3,50,0.0445,0.0047,0.9442,0.1471,2.99
P10515-4,71636_30-NA-29M-K3,50,0.045,0.0048,0.9455,0.164,1.7
P10515-4,71636_30-NA-29M-K3,50,0.0455,0.0048,0.9459,0.1783,3.44
P10515-4,71636_30-NA-29M-K3,50,0.046,0.0049,0.9489,0.1428,3.76
P10515-4,71636_30-NA-29M-K3,50,0.0465,0.005,0.9497,0.1378,1.49
P10515-4,71636_30-NA-29M-K3,50,0.047,0.0051,0.9504,0.163,2.03
P10515-4,71636_30-NA-29M-K3,50,0.0475,0.0051,0.9517,0.1533,1.98
P10515-4,71636_30-NA-29M-K3,50,0.048,0.0052,0.9524,0.1532,2.29
P10515-4,71636_30-NA-29M-K3,50,0.0485,0.0053,0.954,0.1511,2.61
P10515-4,71636_30-NA-29M-K3,50,0.049,0.0054,0.955,0.1493,2.4
P10515-4,71636_30-NA-29M-K3,50,0.0495,0.0054,0.9564,0.145,2.74
P10515-4,71636_30-NA-29M-K3,50,0.05,0.0055,0.9577,0.1611,2.77
P10515-4,71636_30-NA-29M-K3,50,0.0505,0.0056,0.9592,0.1651,2.58
P10515-4,71636_30-NA-29M-K3,50,0.051,0.0057,0.9603,0.1456,2.12
P10515-4,71636_30-NA-29M-K3,50,0.0515,0.0058,0.9613,0.1412,2.23
P10515-4,71636_30-NA-29M-K3,50,0.052,0.0058,0.9625,0.1408,1.24
P10515-4,71636_30-NA-29M-K3,50,0.0525,0.0059,0.9625,0.1658,1.51
P10515-4,71636_30-NA-29M-K3,50,0.053,0.006,0.964,0.1552,3.71
P10515-4,71636_30-NA-29M-K3,50,0.0535,0.006,0.9662,0.1323,2.64
P10515-4,71636_30-NA-29M-K3,50,0.054,0.0061,0.9667,0.1627,1.85
P10515-4,71636_30-NA-29M-K3,50,0.0545,0.0062,0.9681,0.156,2.84
P10515-4,71636_30-NA-29M-K3,50,0.055,0.0063,0.9695,0.1472,3.21
P10515-4,71636_30-NA-29M-K3,50,0.0555,0.0064,0.9713,0.1582,2.75
P10515-4,71636_30-NA-29M-K3,50,0.056,0.0064,0.9723,0.1362,1.44
P10515-4,71636_30-NA-29M-K3,50,0.0565,0.0065,0.9727,0.1453,1.26
P10515-4,71636_30-NA-29M-K3,50,0.057,0.0066,0.9735,0.1709,1.31
P10515-4,71636_30-NA-29M-K3,50,0.0575,0.0067,0.974,0.156,2.39
P10515-4,71636_30-NA-29M-K3,50,0.058,0.0067,0.9759,0.1469,3.44
P10515-4,71636_30-NA-29M-K3,50,0.0585,0.0068,0.9775,0.1463,2.35
P10515-4,71636_30-NA-29M-K3,50,0.059,0.0069,0.9783,0.1486,3.27
P10515-4,71636_30-NA-29M-K3,50,0.0595,0.007,0.9808,0.1492,3.18
P10515-4,71636_30-NA-29M-K3,50,0.06,0.007,0.9814,0.1602,1.39
P10515-4,71636_30-NA-29M-K3,50,0.0605,0.0071,0.9821,0.1505,2.47
P10515-4,71636_30-NA-29M-K3,50,0.061,0.0072,0.9839,0.1414,2.41
P10515-4,71636_30-NA-29M-K3,50,0.0615,0.0073,0.9846,0.1519,1.88
P10515-4,71636_30-NA-29M-K3,50,0.062,0.0073,0.9858,0.1387,2.86
P10515-4,71636_30-NA-29M-K3,50,0.0625,0.0074,0.98740000000000006,0.1384,2.55
P10515-4,71636_30-NA-29M-K3,50,0.063,0.0075,0.9884,0.1494,0.97
P10515-4,71636_30-NA-29M-K3,50,0.0635,0.0076,0.9884,0.1494,1.42
P10515-4,71636_30-NA-29M-K3,50,0.064,0.0076,0.9898,0.1536,3.29
P10515-4,71636_30-NA-29M-K3,50,0.0645,0.0077,0.9917,0.1677,2.92
P10515-4,71636_30-NA-29M-K3,50,0.065,0.0078,0.9927,0.1412,1.51
P10515-4,71636_30-NA-29M-K3,50,0.0655,0.0078,0.9932,0.1266,2.33
P10515-4,71636_30-NA-29M-K3,50,0.066,0.0079,0.995,0.1522,1.88
P10515-4,71636_30-NA-29M-K3,50,0.0665,0.008,0.9951,0.1565,2.55
P10515-4,71636_30-NA-29M-K3,50,0.067,0.0081,0.9976,0.1382,2.94
P10515-4,71636_30-NA-29M-K3,50,0.0675,0.0081,0.998,0.1454,1.82
P10515-4,71636_30-NA-29M-K3,50,0.068,0.0082,0.9994,0.1534,3.12
P10515-4,71636_30-NA-29M-K3,50,0.0685,0.0083,1.0011,0.1482,2.47
P10515-4,71636_30-NA-29M-K3,50,0.069,0.0084,1.0019,0.1544,2.49
P10515-4,71636_30-NA-29M-K3,50,0.0695,0.0084,1.0036,0.1444,0.95
P10515-4,71636_30-NA-29M-K3,50,0.07,0.0085,1.0028,0.1452,1.15
P10515-4,71636_30-NA-29M-K3,50,0.0705,0.0086,1.0048,0.1377,3.12
P10515-4,71636_30-NA-29M-K3,50,0.071,0.0087,1.0059,0.1429,2.15
P10515-4,71636_30-NA-29M-K3,50,0.0715,0.0087,1.0069,0.1482,2.21
P10515-4,71636_30-NA-29M-K3,50,0.072,0.0088,1.0081,0.1339,3.65
P10515-4,71636_30-NA-29M-K3,50,0.0725,0.0089,1.0106,0.1513,1.83
P10515-4,71636_30-NA-29M-K3,50,0.073,0.009,1.01,0.1648,0.76
P10515-4,71636_30-NA-29M-K3,50,0.0735,0.009,1.0113,0.1374,2.94
P10515-4,71636_30-NA-29M-K3,50,0.074,0.0091,1.0129,0.1322,2.76
P10515-4,71636_30-NA-29M-K3,50,0.0745,0.0092,1.0141,0.1459,2.47
P10515-4,71636_30-NA-29M-K3,50,0.075,0.0092,1.0154,0.1538,1.7
P10515-4,71636_30-NA-29M-K3,50,0.0755,0.0093,1.0158,0.1571,1.16
P10515-4,71636_30-NA-29M-K3,50,0.076,0.0094,1.0165,0.1394,2.51
P10515-4,71636_30-NA-29M-K3,50,0.0765,0.0095,1.0183,0.1513,2.94
P10515-4,71636_30-NA-29M-K3,50,0.077,0.0095,1.0195,0.1529,2.35
P10515-4,71636_30-NA-29M-K3,50,0.0775,0.0096,1.0206,0.141,2.22
P10515-4,71636_30-NA-29M-K3,50,0.078,0.0097,1.0217,0.1448,1.52
P10515-4,71636_30-NA-29M-K3,50,0.0785,0.0098,1.0222,0.1414,3.06
P10515-4,71636_30-NA-29M-K3,50,0.079,0.0098,1.0248,0.1447,2.35
P10515-4,71636_30-NA-29M-K3,50,0.0795,0.0099,1.0245,0.1466,-0.36
P10515-4,71636_30-NA-29M-K3,50,0.08,0.01,1.0244,0.1435,2.72
P10515-4,71636_30-NA-29M-K3,50,0.0805,0.01,1.0272,0.1359,4.73
P10515-4,71636_30-NA-29M-K3,50,0.081,0.0101,1.0291,0.1358,1.73
P10515-4,71636_30-NA-29M-K3,50,0.0815,0.0102,1.029,0.1434,0.69
P10515-4,71636_30-NA-29M-K3,50,0.082,0.0103,1.0298,0.1394,1.72
P10515-4,71636_30-NA-29M-K3,50,0.0825,0.0103,1.0307,0.1444,2.26
P10515-4,71636_30-NA-29M-K3,50,0.083,0.0104,1.0321,0.1524,2.21
P10515-4,71636_30-NA-29M-K3,50,0.0835,0.0105,1.0329,0.1449,1.74
P10515-4,71636_30-NA-29M-K3,50,0.084,0.0105,1.0338,0.1454,0.31
P10515-4,71636_30-NA-29M-K3,50,0.0845,0.0106,1.0332,0.1374,2.32
P10515-4,71636_30-NA-29M-K3,50,0.085,0.0107,1.0361,0.145,3.6
P10515-4,71636_30-NA-29M-K3,50,0.0855,0.0108,1.0368,0.1573,1.94
P10515-4,71636_30-NA-29M-K3,50,0.086,0.0108,1.0381,0.137,2.98
P10515-4,71636_30-NA-29M-K3,50,0.0865,0.0109,1.0398,0.1204,2.8
P10515-4,71636_30-NA-29M-K3,50,0.087,0.011,1.0409,0.1378,1.59
P10515-4,71636_30-NA-29M-K3,50,0.0875,0.011,1.0414,0.1485,2.43
P10515-4,71636_30-NA-29M-K3,50,0.088,0.0111,1.0433,0.1447,2.75
P10515-4,71636_30-NA-29M-K3,50,0.0885,0.0112,1.0441,0.141,2.21
P10515-4,71636_30-NA-29M-K3,50,0.089,0.0112,1.0455,0.1483,1.63
P10515-4,71636_30-NA-29M-K3,50,0.0895,0.0113,1.0457,0.1409,0.6
P10515-4,71636_30-NA-29M-K3,50,0.09,0.0114,1.0461,0.128,2.61
P10515-4,71636_30-NA-29M-K3,50,0.0905,0.0115,1.0484,0.1388,2.31
P10515-4,71636_30-NA-29M-K3,50,0.091,0.0115,1.0484,0.1382,1.32
P10515-4,71636_30-NA-29M-K3,50,0.0915,0.0116,1.0497,0.1448,2.2
P10515-4,71636_30-NA-29M-K3,50,0.092,0.0117,1.0506,0.1523,1.92
P10515-4,71636_30-NA-29M-K3,50,0.0925,0.0117,1.0516,0.144,1.68
P10515-4,71636_30-NA-29M-K3,50,0.093,0.0118,1.0523,0.1271,2.33
P10515-4,71636_30-NA-29M-K3,50,0.0935,0.0119,1.0539,0.1421,2.89
P10515-4,71636_30-NA-29M-K3,50,0.094,0.012,1.0552,0.1491,2.96
P10515-4,71636_30-NA-29M-K3,50,0.0945,0.012,1.0569,0.1432,1.57
P10515-4,71636_30-NA-29M-K3,50,0.095,0.0121,1.0568,0.1381,1.43
P10515-4,71636_30-NA-29M-K3,50,0.0955,0.0122,1.0583,0.1339,2.01
P10515-4,71636_30-NA-29M-K3,50,0.096,0.0122,1.0588,0.1474,2.16
P10515-4,71636_30-NA-29M-K3,50,0.0965,0.0123,1.0605,0.1373,3.29
P10515-4,71636_30-NA-29M-K3,50,0.097,0.0124,1.0621,0.1294,2.27
P10515-4,71636_30-NA-29M-K3,50,0.0975,0.0124,1.0628,0.1358,2.02
P10515-4,71636_30-NA-29M-K3,50,0.098,0.0125,1.0641,0.1304,1.79
P10515-4,71636_30-NA-29M-K3,50,0.0985,0.0126,1.0645,0.1389,1.32
P10515-4,71636_30-NA-29M-K3,50,0.099,0.0126,1.0654,0.1486,0.5
P10515-4,71636_30-NA-29M-K3,50,0.0995,0.0127,1.065,0.1419,2.87
P10515-4,71636_30-NA-29M-K3,50,0.1,0.0128,1.0683,0.1405,3.0867
P10515-4,71636_30-NA-29M-K3,50,0.101,0.0129,1.0697,0.1405,1.945
P10515-4,71636_30-NA-29M-K3,50,0.102,0.0131,1.0722,0.1359,2.215
P10515-4,71636_30-NA-29M-K3,50,0.103,0.0132,1.0741,0.1392,2.14
P10515-4,71636_30-NA-29M-K3,50,0.104,0.0133,1.0764,0.139,1.385
P10515-4,71636_30-NA-29M-K3,50,0.105,0.0135,1.0769,0.1335,2.275
P10515-4,71636_30-NA-29M-K3,50,0.106,0.0136,1.081,0.132,2.4
P10515-4,71636_30-NA-29M-K3,50,0.107,0.0137,1.0817,0.1351,1.325
P10515-4,71636_30-NA-29M-K3,50,0.108,0.0139,1.0836,0.1355,2.355
P10515-4,71636_30-NA-29M-K3,50,0.109,0.014,1.0864,0.1319,2.13
P10515-4,71636_30-NA-29M-K3,50,0.11,0.0141,1.0879,0.1369,2.265
P10515-4,71636_30-NA-29M-K3,50,0.111,0.0143,1.0909,0.1419,1.885
P10515-4,71636_30-NA-29M-K3,50,0.112,0.0144,1.0917,0.1422,1.635
P10515-4,71636_30-NA-29M-K3,50,0.113,0.0146,1.0942,0.1403,1.96
P10515-4,71636_30-NA-29M-K3,50,0.114,0.0147,1.0956,0.1353,2.59
P10515-4,71636_30-NA-29M-K3,50,0.115,0.0148,1.0994,0.1249,2.355
P10515-4,71636_30-NA-29M-K3,50,0.116,0.015,1.1003,0.1267,1.815
P10515-4,71636_30-NA-29M-K3,50,0.117,0.0151,1.103,0.1416,2.03
P10515-4,71636_30-NA-29M-K3,50,0.118,0.0152,1.1044,0.1318,1.485
P10515-4,71636_30-NA-29M-K3,50,0.119,0.0154,1.106,0.1352,2.09
P10515-4,71636_30-NA-29M-K3,50,0.12,0.0155,1.1085,0.1401,1.97
P10515-4,71636_30-NA-29M-K3,50,0.121,0.0156,1.1099,0.1294,2.2
P10515-4,71636_30-NA-29M-K3,50,0.122,0.0158,1.113,0.1318,2.19
P10515-4,71636_30-NA-29M-K3,50,0.123,0.0159,1.1143,0.1261,1.905
P10515-4,71636_30-NA-29M-K3,50,0.124,0.016,1.1168,0.1317,2.06
P10515-4,71636_30-NA-29M-K3,50,0.125,0.0162,1.1184,0.129,2.075
P10515-4,71636_30-NA-29M-K3,50,0.126,0.0163,1.1209,0.1291,1.97
P10515-4,71636_30-NA-29M-K3,50,0.127,0.0164,1.1223,0.1381,1.285
P10515-4,71636_30-NA-29M-K3,50,0.128,0.0166,1.1235,0.1305,1.95
P10515-4,71636_30-NA-29M-K3,50,0.129,0.0167,1.1262,0.1263,2.225
P10515-4,71636_30-NA-29M-K3,50,0.13,0.0168,1.1279,0.1328,2.01
P10515-4,71636_30-NA-29M-K3,50,0.131,0.017,1.1303,0.1337,1.755
P10515-4,71636_30-NA-29M-K3,50,0.132,0.0171,1.1314,0.128,1.35
P10515-4,71636_30-NA-29M-K3,50,0.133,0.0172,1.133,0.1347,2.295
P10515-4,71636_30-NA-29M-K3,50,0.134,0.0173,1.136,0.1376,2.32
P10515-4,71636_30-NA-29M-K3,50,0.135,0.0175,1.1376,0.1269,1.79
P10515-4,71636_30-NA-29M-K3,50,0.136,0.0176,1.1396,0.1213,1.68
P10515-4,71636_30-NA-29M-K3,50,0.137,0.0177,1.141,0.1237,1.57
P10515-4,71636_30-NA-29M-K3,50,0.138,0.0178,1.1427,0.1312,1.99
P10515-4,71636_30-NA-29M-K3,50,0.139,0.018,1.1449,0.1275,1.49
P10515-4,71636_30-NA-29M-K3,50,0.14,0.0181,1.1457,0.1337,1.615
P10515-4,71636_30-NA-29M-K3,50,0.141,0.0183,1.1482,0.1298,2.465
P10515-4,71636_30-NA-29M-K3,50,0.142,0.0184,1.1507,0.1239,2.245
P10515-4,71636_30-NA-29M-K3,50,0.143,0.0185,1.1527,0.1276,2
P10515-4,71636_30-NA-29M-K3,50,0.144,0.0186,1.1547,0.1255,1.795
P10515-4,71636_30-NA-29M-K3,50,0.145,0.0188,1.1562,0.1307,2.03
P10515-4,71636_30-NA-29M-K3,50,0.146,0.0189,1.1587,0.1245,2.275
P10515-4,71636_30-NA-29M-K3,50,0.147,0.019,1.1608,0.1196,1.38
P10515-4,71636_30-NA-29M-K3,50,0.148,0.0191,1.1615,0.1285,1.775
P10515-4,71636_30-NA-29M-K3,50,0.149,0.0193,1.1644,0.1283,2.605
P10515-4,71636_30-NA-29M-K3,50,0.15,0.0194,1.1667,0.1222,1.7
P10515-4,71636_30-NA-29M-K3,50,0.151,0.0195,1.1678,0.1323,1.56
P10515-4,71636_30-NA-29M-K3,50,0.152,0.0196,1.1698,0.1258,1.6
P10515-4,71636_30-NA-29M-K3,50,0.153,0.0198,1.1709,0.1181,1.675
P10515-4,71636_30-NA-29M-K3,50,0.154,0.0199,1.1732,0.1255,2.645
P10515-4,71636_30-NA-29M-K3,50,0.155,0.02,1.1762,0.1244,2.55
P10515-4,71636_30-NA-29M-K3,50,0.156,0.0201,1.1783,0.1198,1.16
P10515-4,71636_30-NA-29M-K3,50,0.157,0.0202,1.1786,0.121,1.565
P10515-4,71636_30-NA-29M-K3,50,0.158,0.0204,1.1814,0.121,2.12
P10515-4,71636_30-NA-29M-K3,50,0.159,0.0205,1.1828,0.1238,1.07
P10515-4,71636_30-NA-29M-K3,50,0.16,0.0206,1.1835,0.1212,1.845
P10515-4,71636_30-NA-29M-K3,50,0.161,0.0207,1.1865,0.1253,2.185
P10515-4,71636_30-NA-29M-K3,50,0.162,0.0209,1.1879,0.122,1.455
P10515-4,71636_30-NA-29M-K3,50,0.163,0.021,1.1894,0.1173,1.295
P10515-4,71636_30-NA-29M-K3,50,0.164,0.0211,1.1905,0.1346,1.985
P10515-4,71636_30-NA-29M-K3,50,0.165,0.0212,1.1934,0.1252,2.17
P10515-4,71636_30-NA-29M-K3,50,0.166,0.0214,1.1948,0.1135,1.715
P10515-4,71636_30-NA-29M-K3,50,0.167,0.0215,1.1968,0.1162,1.74
P10515-4,71636_30-NA-29M-K3,50,0.168,0.0216,1.1983,0.1222,1.95
P10515-4,71636_30-NA-29M-K3,50,0.169,0.0217,1.2007,0.1253,1.69
P10515-4,71636_30-NA-29M-K3,50,0.17,0.0218,1.2017,0.1173,1.6
P10515-4,71636_30-NA-29M-K3,50,0.171,0.0219,1.2039,0.1242,1.525
P10515-4,71636_30-NA-29M-K3,50,0.172,0.0221,1.2047,0.119,1.55
P10515-4,71636_30-NA-29M-K3,50,0.173,0.0222,1.207,0.1132,2.16
P10515-4,71636_30-NA-29M-K3,50,0.174,0.0223,1.2091,0.121,1.985
P10515-4,71636_30-NA-29M-K3,50,0.175,0.0224,1.211,0.1239,1.375
P10515-4,71636_30-NA-29M-K3,50,0.176,0.0226,1.2118,0.118,1.51
P10515-4,71636_30-NA-29M-K3,50,0.177,0.0227,1.214,0.1146,2.78
P10515-4,71636_30-NA-29M-K3,50,0.178,0.0228,1.2174,0.1255,2.155
P10515-4,71636_30-NA-29M-K3,50,0.179,0.0229,1.2183,0.1151,0.815
P10515-4,71636_30-NA-29M-K3,50,0.18,0.023,1.219,0.1123,1.485
P10515-4,71636_30-NA-29M-K3,50,0.181,0.0231,1.2213,0.1224,2.4
P10515-4,71636_30-NA-29M-K3,50,0.182,0.0233,1.2238,0.1201,1.835
P10515-4,71636_30-NA-29M-K3,50,0.183,0.0234,1.2249,0.1193,0.405
P10515-4,71636_30-NA-29M-K3,50,0.184,0.0235,1.2246,0.1215,1.385
P10515-4,71636_30-NA-29M-K3,50,0.185,0.0236,1.2277,0.1157,2.67
P10515-4,71636_30-NA-29M-K3,50,0.186,0.0237,1.23,0.1163,1.92
P10515-4,71636_30-NA-29M-K3,50,0.187,0.0239,1.2315,0.1246,1.71
P10515-4,71636_30-NA-29M-K3,50,0.188,0.024,1.2334,0.1192,1.97
P10515-4,71636_30-NA-29M-K3,50,0.189,0.0241,1.2355,0.1146,1.71
P10515-4,71636_30-NA-29M-K3,50,0.19,0.0242,1.2368,0.112,1.775
P10515-4,71636_30-NA-29M-K3,50,0.191,0.0243,1.239,0.1079,2.135
P10515-4,71636_30-NA-29M-K3,50,0.192,0.0244,1.2411,0.1149,1.56
P10515-4,71636_30-NA-29M-K3,50,0.193,0.0245,1.2422,0.1266,1.22
P10515-4,71636_30-NA-29M-K3,50,0.194,0.0247,1.2435,0.1132,1.81
P10515-4,71636_30-NA-29M-K3,50,0.195,0.0248,1.2458,0.1165,1.505
P10515-4,71636_30-NA-29M-K3,50,0.196,0.0249,1.2465,0.12,1.455
P10515-4,71636_30-NA-29M-K3,50,0.197,0.025,1.2487,0.10780000000000001,1.875
P10515-4,71636_30-NA-29M-K3,50,0.198,0.0251,1.2503,0.1111,1.435
P10515-4,71636_30-NA-29M-K3,50,0.199,0.0252,1.2516,0.1148,1.61
P10515-4,71636_30-NA-29M-K3,50,0.2,0.0254,1.2535,0.1116,1.795
P10515-4,71636_30-NA-29M-K3,50,0.201,0.0255,1.2552,0.112,2.17
P10515-4,71636_30-NA-29M-K3,50,0.202,0.0256,1.2578,0.1192,1.74
P10515-4,71636_30-NA-29M-K3,50,0.203,0.0257,1.2586,0.1145,1.54
P10515-4,71636_30-NA-29M-K3,50,0.204,0.0258,1.2609,0.1082,1.28
P10515-4,71636_30-NA-29M-K3,50,0.205,0.0259,1.2612,0.1163,1.755
P10515-4,71636_30-NA-29M-K3,50,0.206,0.026,1.2644,0.1217,2.46
P10515-4,71636_30-NA-29M-K3,50,0.207,0.0262,1.2661,0.1118,1.345
P10515-4,71636_30-NA-29M-K3,50,0.208,0.0263,1.2671,0.1059,1.325
P10515-4,71636_30-NA-29M-K3,50,0.209,0.0264,1.2688,0.1051,1.755
P10515-4,71636_30-NA-29M-K3,50,0.21,0.0265,1.2706,0.1152,1.555
P10515-4,71636_30-NA-29M-K3,50,0.211,0.0266,1.2719,0.1144,1.8
P10515-4,71636_30-NA-29M-K3,50,0.212,0.0267,1.2742,0.1114,1.17
P10515-4,71636_30-NA-29M-K3,50,0.213,0.0268,1.2742,0.1135,1.14
P10515-4,71636_30-NA-29M-K3,50,0.214,0.0269,1.2765,0.1061,1.88
P10515-4,71636_30-NA-29M-K3,50,0.215,0.027,1.278,0.1066,1.67
P10515-4,71636_30-NA-29M-K3,50,0.216,0.0271,1.2798,0.1128,2.035
P10515-4,71636_30-NA-29M-K3,50,0.217,0.0273,1.282,0.1101,2.25
P10515-4,71636_30-NA-29M-K3,50,0.218,0.0274,1.2843,0.1087,1.37
P10515-4,71636_30-NA-29M-K3,50,0.219,0.0275,1.2848,0.1087,1.41
P10515-4,71636_30-NA-29M-K3,50,0.22,0.0276,1.2872,0.1093,2.095
P10515-4,71636_30-NA-29M-K3,50,0.221,0.0277,1.289,0.1082,1.405
P10515-4,71636_30-NA-29M-K3,50,0.222,0.0278,1.29,0.1135,1.055
P10515-4,71636_30-NA-29M-K3,50,0.223,0.0279,1.2911,0.1144,1.9
P10515-4,71636_30-NA-29M-K3,50,0.224,0.028,1.2938,0.104,1.625
P10515-4,71636_30-NA-29M-K3,50,0.225,0.0281,1.2943,0.1134,1.125
P10515-4,71636_30-NA-29M-K3,50,0.226,0.0283,1.296,0.1107,2.135
P10515-4,71636_30-NA-29M-K3,50,0.227,0.0284,1.2986,0.1027,1.645
P10515-4,71636_30-NA-29M-K3,50,0.228,0.0285,1.2993,0.1064,1.17
P10515-4,71636_30-NA-29M-K3,50,0.229,0.0286,1.3009,0.1139,1.01
P10515-4,71636_30-NA-29M-K3,50,0.23,0.0287,1.3013,0.1147,1.26
P10515-4,71636_30-NA-29M-K3,50,0.231,0.0288,1.3035,0.1076,2.07
P10515-4,71636_30-NA-29M-K3,50,0.232,0.0289,1.3055,0.1051,1.965
P10515-4,71636_30-NA-29M-K3,50,0.233,0.029,1.3074,0.1076,1.67
P10515-4,71636_30-NA-29M-K3,50,0.234,0.0291,1.3088,0.1051,1.165
P10515-4,71636_30-NA-29M-K3,50,0.235,0.0292,1.3097,0.0975,1.71
P10515-4,71636_30-NA-29M-K3,50,0.236,0.0293,1.3122,0.1033,2.57
P10515-4,71636_30-NA-29M-K3,50,0.237,0.0294,1.3149,0.1073,1.29
P10515-4,71636_30-NA-29M-K3,50,0.238,0.0295,1.3148,0.1038,0.815
P10515-4,71636_30-NA-29M-K3,50,0.239,0.0296,1.3165,0.1026,1.62
P10515-4,71636_30-NA-29M-K3,50,0.24,0.0297,1.318,0.1037,1.98
P10515-4,71636_30-NA-29M-K3,50,0.241,0.0298,1.3204,0.1047,1.97
P10515-4,71636_30-NA-29M-K3,50,0.242,0.0299,1.322,0.1016,1.185
P10515-4,71636_30-NA-29M-K3,50,0.243,0.03,1.3228,0.1047,0.985
P10515-4,71636_30-NA-29M-K3,50,0.244,0.0302,1.3239,0.1056,1.6
P10515-4,71636_30-NA-29M-K3,50,0.245,0.0303,1.326,0.1022,2.425
P10515-4,71636_30-NA-29M-K3,50,0.246,0.0304,1.3288,0.105,1.465
P10515-4,71636_30-NA-29M-K3,50,0.247,0.0305,1.329,0.103,0.81
P10515-4,71636_30-NA-29M-K3,50,0.248,0.0306,1.3304,0.1028,1.785
P10515-4,71636_30-NA-29M-K3,50,0.249,0.0307,1.3325,0.1032,1.995
P10515-4,71636_30-NA-29M-K3,50,0.25,0.0308,1.3344,0.1014,1.865
P10515-4,71636_30-NA-29M-K3,50,0.251,0.0309,1.3362,0.1056,1.035
P10515-4,71636_30-NA-29M-K3,50,0.252,0.031,1.3365,0.0979,1.295
P10515-4,71636_30-NA-29M-K3,50,0.253,0.0311,1.3388,0.0955,2.245
P10515-4,71636_30-NA-29M-K3,50,0.254,0.0312,1.341,0.0981,1.405
P10515-4,71636_30-NA-29M-K3,50,0.255,0.0313,1.3416,0.096,1.47
P10515-4,71636_30-NA-29M-K3,50,0.256,0.0314,1.3439,0.0988,1.045
P10515-4,71636_30-NA-29M-K3,50,0.257,0.0315,1.3437,0.1011,1.08
P10515-4,71636_30-NA-29M-K3,50,0.258,0.0316,1.3461,0.1054,1.125
P10515-4,71636_30-NA-29M-K3,50,0.259,0.0317,1.346,0.1015,1.055
P10515-4,71636_30-NA-29M-K3,50,0.26,0.0318,1.3482,0.0928,2.55
P10515-4,71636_30-NA-29M-K3,50,0.261,0.0319,1.3511,0.0904,1.97
P10515-4,71636_30-NA-29M-K3,50,0.262,0.0319,1.3521,0.0971,1.095
P10515-4,71636_30-NA-29M-K3,50,0.263,0.0321,1.3533,0.1059,1.28
P10515-4,71636_30-NA-29M-K3,50,0.264,0.0322,1.3547,0.0977,0.795
P10515-4,71636_30-NA-29M-K3,50,0.265,0.0322,1.3549,0.0896,1
P10515-4,71636_30-NA-29M-K3,50,0.266,0.0323,1.3567,0.0987,2.715
P10515-4,71636_30-NA-29M-K3,50,0.267,0.0324,1.3603,0.099,2.19
P10515-4,71636_30-NA-29M-K3,50,0.268,0.0325,1.3611,0.097,1.05
P10515-4,71636_30-NA-29M-K3,50,0.269,0.0326,1.3624,0.0947,1.62
P10515-4,71636_30-NA-29M-K3,50,0.27,0.0327,1.3643,0.0952,1.855
P10515-4,71636_30-NA-29M-K3,50,0.271,0.0328,1.3661,0.0943,1.09
P10515-4,71636_30-NA-29M-K3,50,0.272,0.0329,1.3665,0.095,1.205
P10515-4,71636_30-NA-29M-K3,50,0.273,0.033,1.3685,0.1044,1.77
P10515-4,71636_30-NA-29M-K3,50,0.274,0.0331,1.37,0.0974,1.55
P10515-4,71636_30-NA-29M-K3,50,0.275,0.0332,1.3716,0.0907,1.675
P10515-4,71636_30-NA-29M-K3,50,0.276,0.0333,1.3734,0.0914,1.78
P10515-4,71636_30-NA-29M-K3,50,0.277,0.0334,1.3752,0.0989,1.55
P10515-4,71636_30-NA-29M-K3,50,0.278,0.0335,1.3765,0.1005,1.415
P10515-4,71636_30-NA-29M-K3,50,0.279,0.0336,1.378,0.091,1.11
P10515-4,71636_30-NA-29M-K3,50,0.28,0.0337,1.3787,0.0936,1.05
P10515-4,71636_30-NA-29M-K3,50,0.281,0.0338,1.3801,0.0947,1.855
P10515-4,71636_30-NA-29M-K3,50,0.282,0.0339,1.3824,0.0881,1.49
P10515-4,71636_30-NA-29M-K3,50,0.283,0.034,1.3831,0.0919,1.185
P10515-4,71636_30-NA-29M-K3,50,0.284,0.0341,1.3848,0.0939,1.515
P10515-4,71636_30-NA-29M-K3,50,0.285,0.0341,1.3861,0.0907,1.065
P10515-4,71636_30-NA-29M-K3,50,0.286,0.0342,1.3869,0.0904,1.665
P10515-4,71636_30-NA-29M-K3,50,0.287,0.0343,1.3895,0.0928,1.605
P10515-4,71636_30-NA-29M-K3,50,0.288,0.0344,1.3901,0.0978,1.26
P10515-4,71636_30-NA-29M-K3,50,0.289,0.0345,1.392,0.0913,1.04
P10515-4,71636_30-NA-29M-K3,50,0.29,0.0346,1.3922,0.086,1.855
P10515-4,71636_30-NA-29M-K3,50,0.291,0.0347,1.3957,0.0912,2.565
P10515-4,71636_30-NA-29M-K3,50,0.292,0.0348,1.3973,0.09,0.945
P10515-4,71636_30-NA-29M-K3,50,0.293,0.0349,1.3976,0.0941,0.875
P10515-4,71636_30-NA-29M-K3,50,0.294,0.035,1.3991,0.098,1.405
P10515-4,71636_30-NA-29M-K3,50,0.295,0.0351,1.4004,0.0857,1.95
P10515-4,71636_30-NA-29M-K3,50,0.296,0.0352,1.403,0.0862,0.955
P10515-4,71636_30-NA-29M-K3,50,0.297,0.0352,1.4023,0.0914,0.815
P10515-4,71636_30-NA-29M-K3,50,0.298,0.0353,1.4046,0.0939,2.585
P10515-4,71636_30-NA-29M-K3,50,0.299,0.0354,1.4075,0.0793,1.445
P10515-4,71636_30-NA-29M-K3,50,0.3,0.0355,1.4075,0.0753,0.345
P10515-4,71636_30-NA-29M-K3,50,0.301,0.0356,1.4082,0.0906,0.675
P10515-4,71636_30-NA-29M-K3,50,0.302,0.0357,1.4088,0.086,2.57
P10515-4,71636_30-NA-29M-K3,50,0.303,0.0358,1.4133,0.093,2.365
P10515-4,71636_30-NA-29M-K3,50,0.304,0.0359,1.4136,0.1,1.165
P10515-4,71636_30-NA-29M-K3,50,0.305,0.036,1.4156,0.0866,1.035
P10515-4,71636_30-NA-29M-K3,50,0.306,0.036,1.4156,0.0725,0.925
P10515-4,71636_30-NA-29M-K3,50,0.307,0.0361,1.4175,0.0774,1.365
P10515-4,71636_30-NA-29M-K3,50,0.308,0.0362,1.4184,0.0898,1.815
P10515-4,71636_30-NA-29M-K3,50,0.309,0.0363,1.4211,0.0837,2.025
P10515-4,71636_30-NA-29M-K3,50,0.31,0.0364,1.4224,0.083,0.965
P10515-4,71636_30-NA-29M-K3,50,0.311,0.0364,1.423,0.0827,1.17
P10515-4,71636_30-NA-29M-K3,50,0.312,0.0365,1.4248,0.0772,1.34
P10515-4,71636_30-NA-29M-K3,50,0.313,0.0366,1.4257,0.0815,1.76
P10515-4,71636_30-NA-29M-K3,50,0.314,0.0367,1.4283,0.0947,1.53
P10515-4,71636_30-NA-29M-K3,50,0.315,0.0368,1.4288,0.0831,1.285
P10515-4,71636_30-NA-29M-K3,50,0.316,0.0368,1.4308,0.0911,0.675
P10515-4,71636_30-NA-29M-K3,50,0.317,0.037,1.4301,0.0831,0.995
P10515-4,71636_30-NA-29M-K3,50,0.318,0.037,1.4328,0.0703,2.095
P10515-4,71636_30-NA-29M-K3,50,0.319,0.0371,1.4343,0.0826,1.595
P10515-4,71636_30-NA-29M-K3,50,0.32,0.0372,1.436,0.0844,1.4
P10515-4,71636_30-NA-29M-K3,50,0.321,0.0373,1.4371,0.0906,1.595
P10515-4,71636_30-NA-29M-K3,50,0.322,0.0374,1.4392,0.0735,1.245
P10515-4,71636_30-NA-29M-K3,50,0.323,0.0374,1.4396,0.0959,0.95
P10515-4,71636_30-NA-29M-K3,50,0.324,0.0376,1.4411,0.073,1.865
P10515-4,71636_30-NA-29M-K3,50,0.325,0.0376,1.4433,0.0764,1.82
P10515-4,71636_30-NA-29M-K3,50,0.326,0.0377,1.4448,0.0816,0.745
P10515-4,71636_30-NA-29M-K3,50,0.327,0.0377,1.4448,0.056,1.625
P10515-4,71636_30-NA-29M-K3,50,0.328,0.0378,1.448,0.0748,1.58
P10515-4,71636_30-NA-29M-K3,50,0.329,0.0379,1.448,0.0748,0.645
P10515-4,71636_30-NA-29M-K3,50,0.33,0.038,1.4493,0.0799,1.98
P10515-4,71636_30-NA-29M-K3,50,0.331,0.038,1.4519,0.0722,1.815
P10515-4,71636_30-NA-29M-K3,50,0.332,0.0381,1.4529,0.1127,1.385
P10515-4,71636_30-NA-29M-K3,50,0.333,0.0383,1.4547,0.0802,0.915
P10515-4,71636_30-NA-29M-K3,50,0.334,0.0383,1.4548,0.0674,0.715
P10515-4,71636_30-NA-29M-K3,50,0.335,0.0384,1.4561,0.0997,1.69
P10515-4,71636_30-NA-29M-K3,50,0.336,0.0385,1.4581,0.0553,2.055
P10515-4,71636_30-NA-29M-K3,50,0.337,0.0385,1.4603,0.0652,1.5
P10515-4,71636_30-NA-29M-K3,50,0.338,0.0386,1.4611,0.0731,0.03
P10515-4,71636_30-NA-29M-K3,50,0.339,0.0387,1.4603,0.0644,0.67
P10515-4,71636_30-NA-29M-K3,50,0.34,0.0387,1.4625,0.0704,1.935
P10515-4,71636_30-NA-29M-K3,50,0.341,0.0388,1.4642,0.0902,1.7
P10515-4,71636_30-NA-29M-K3,50,0.342,0.0389,1.4659,0.1067,1.355
P10515-4,71636_30-NA-29M-K3,50,0.343,0.039,1.4669,0.0538,1.59
P10515-4,71636_30-NA-29M-K3,50,0.344,0.039,1.4691,0.0585,1.505
P10515-4,71636_30-NA-29M-K3,50,0.345,0.0391,1.4699,0.1022,1.31
P10515-4,71636_30-NA-29M-K3,50,0.346,0.0392,1.4717,0.0632,1.165
P10515-4,71636_30-NA-29M-K3,50,0.347,0.0393,1.4722,0.047,0.74
P10515-4,71636_30-NA-29M-K3,50,0.348,0.0393,1.4732,0.0661,1.24
P10515-4,71636_30-NA-29M-K3,50,0.349,0.0394,1.4747,0.0961,1.59
P10515-4,71636_30-NA-29M-K3,50,0.35,0.0395,1.4763,0.0618,1.1
P10515-4,71636_30-NA-29M-K3,50,0.351,0.0395,1.4769,0.0726,1.145
P10515-4,71636_30-NA-29M-K3,50,0.352,0.0397,1.4786,0.0718,1.79
P10515-4,71636_30-NA-29M-K3,50,0.353,0.0397,1.4805,0.0521,1.945
P10515-4,71636_30-NA-29M-K3,50,0.354,0.0398,1.4825,0.1079,1.325
P10515-4,71636_30-NA-29M-K3,50,0.355,0.0399,1.4831,0.0579,0.6
P10515-4,71636_30-NA-29M-K3,50,0.356,0.0399,1.4837,0.034,1.815
P10515-4,71636_30-NA-29M-K3,50,0.357,0.0399,1.4868,0.0693,1.815
P10515-4,71636_30-NA-29M-K3,50,0.358,0.04,1.4873,0.0976,0.99
P10515-4,71636_30-NA-29M-K3,50,0.359,0.0401,1.4888,0.0921,1.355
P10515-4,71636_30-NA-29M-K3,50,0.36,0.0402,1.4901,0.0693,1
P10515-4,71636_30-NA-29M-K3,50,0.361,0.0403,1.4908,0.0819,1.155
P10515-4,71636_30-NA-29M-K3,50,0.362,0.0404,1.4924,0.0665,1.63
P10515-4,71636_30-NA-29M-K3,50,0.363,0.0404,1.494,0.0645,0.755
P10515-4,71636_30-NA-29M-K3,50,0.364,0.0405,1.4939,0.0677,1.5
P10515-4,71636_30-NA-29M-K3,50,0.365,0.0405,1.497,0.0607,1.735
P10515-4,71636_30-NA-29M-K3,50,0.366,0.0406,1.4974,0.049,1.45
P10515-4,71636_30-NA-29M-K3,50,0.367,0.0406,1.4999,0.0508,1.755
P10515-4,71636_30-NA-29M-K3,50,0.368,0.0407,1.5009,0.0963,0.65
P10515-4,71636_30-NA-29M-K3,50,0.369,0.0408,1.5012,0.0802,0.63
P10515-4,71636_30-NA-29M-K3,50,0.37,0.0409,1.5021,0.0672,1.845
P10515-4,71636_30-NA-29M-K3,50,0.371,0.041,1.5049,0.0635,1.24
P10515-4,71636_30-NA-29M-K3,50,0.372,0.041,1.5046,0.0575,1.085
P10515-4,71636_30-NA-29M-K3,50,0.373,0.0411,1.5071,0.0652,1.12
P10515-4,71636_30-NA-29M-K3,50,0.374,0.0411,1.5068,0.0398,1.18
P10515-4,71636_30-NA-29M-K3,50,0.375,0.0412,1.5094,0.087,1.825
P10515-4,71636_30-NA-29M-K3,50,0.376,0.0413,1.5105,0.065,1.67
P10515-4,71636_30-NA-29M-K3,50,0.377,0.0413,1.5128,0.0613,1.46
P10515-4,71636_30-NA-29M-K3,50,0.378,0.0414,1.5134,0.0981,0.93
P10515-4,71636_30-NA-29M-K3,50,0.379,0.0415,1.5146,0.0202,1.785
P10515-4,71636_30-NA-29M-K3,50,0.38,0.0415,1.517,0.0663,1.195
P10515-4,71636_30-NA-29M-K3,50,0.381,0.0416,1.517,0.1083,0.225
P10515-4,71636_30-NA-29M-K3,50,0.382,0.0417,1.5174,0.107,1.47
P10515-4,71636_30-NA-29M-K3,50,0.383,0.0418,1.52,0.0996,1.385
P10515-4,71636_30-NA-29M-K3,50,0.384,0.0419,1.5202,0.0161,1.57
P10515-4,71636_30-NA-29M-K3,50,0.385,0.0419,1.5231,0.0577,1.695
P10515-4,71636_30-NA-29M-K3,50,0.386,0.042,1.5236,0.0614,0.83
P10515-4,71636_30-NA-29M-K3,50,0.387,0.042,1.5248,0.049,1.46
P10515-4,71636_30-NA-29M-K3,50,0.388,0.0421,1.5265,0.0819,1.575
P10515-4,71636_30-NA-29M-K3,50,0.389,0.0422,1.5279,0.0512,1.425
P10515-4,71636_30-NA-29M-K3,50,0.39,0.0422,1.5294,0.0515,1.06
P10515-4,71636_30-NA-29M-K3,50,0.391,0.0423,1.53,0.0735,1.575
P10515-4,71636_30-NA-29M-K3,50,0.392,0.0423,1.5325,0.0516,1.855
P10515-4,71636_30-NA-29M-K3,50,0.393,0.0424,1.5337,0.0764,0.44
P10515-4,71636_30-NA-29M-K3,50,0.394,0.0425,1.5334,0.0892,1.07
P10515-4,71636_30-NA-29M-K3,50,0.395,0.0425,1.5359,0.0478,1.345
P10515-4,71636_30-NA-29M-K3,50,0.396,0.0426,1.5361,0.0534,1.385
P10515-4,71636_30-NA-29M-K3,50,0.397,0.0426,1.5387,0.0929,1.74
P10515-4,71636_30-NA-29M-K3,50,0.398,0.0428,1.5396,0.087,1.31
P10515-4,71636_30-NA-29M-K3,50,0.399,0.0428,1.5413,0.0569,1.54
P10515-4,71636_30-NA-29M-K3,50,0.4,0.0429,1.5426,0.0581,0.565
P10515-4,71636_30-NA-29M-K3,50,0.401,0.0429,1.5424,0.0358,0.72
P10515-4,71636_30-NA-29M-K3,50,0.402,0.043,1.5441,0.0566,1.47
P10515-4,71636_30-NA-29M-K3,50,0.403,0.0431,1.5453,0.0509,1.43
P10515-4,71636_30-NA-29M-K3,50,0.404,0.0431,1.5469,0.051,1.28
P10515-4,71636_30-NA-29M-K3,50,0.405,0.0432,1.5479,0.1084,0.305
P10515-4,71636_30-NA-29M-K3,50,0.406,0.0433,1.5476,0.0725,0.94
P10515-4,71636_30-NA-29M-K3,50,0.407,0.0433,1.5498,0.0388,2.005
P10515-4,71636_30-NA-29M-K3,50,0.408,0.0434,1.5516,0.0627,1.72
P10515-4,71636_30-NA-29M-K3,50,0.409,0.0434,1.5532,0.0762,1.07
P10515-4,71636_30-NA-29M-K3,50,0.41,0.0435,1.5537,0.0758,1.85
P10515-4,71636_30-NA-29M-K3,50,0.411,0.0436,1.5569,0.025,0.61
P10515-4,71636_30-NA-29M-K3,50,0.412,0.0436,1.5549,0.0623,0.52
P10515-4,71636_30-NA-29M-K3,50,0.413,0.0437,1.558,0.0763,2.245
P10515-4,71636_30-NA-29M-K3,50,0.414,0.0437,1.5594,0.076,0.465
P10515-4,71636_30-NA-29M-K3,50,0.415,0.0439,1.5589,0.0942,1.255
P10515-4,71636_30-NA-29M-K3,50,0.416,0.0439,1.5619,0.0485,2.08
P10515-4,71636_30-NA-29M-K3,50,0.417,0.044,1.5631,0.039,0.925
P10515-4,71636_30-NA-29M-K3,50,0.418,0.044,1.5638,0.0625,1.43
P10515-4,71636_30-NA-29M-K3,50,0.419,0.0441,1.5659,0.0751,1.31
P10515-4,71636_30-NA-29M-K3,50,0.42,0.0441,1.5664,0.0608,1.25
P10515-4,71636_30-NA-29M-K3,50,0.421,0.0442,1.5684,0.0524,1.24
P10515-4,71636_30-NA-29M-K3,50,0.422,0.0442,1.5689,0.0741,0.975
P10515-4,71636_30-NA-29M-K3,50,0.423,0.0443,1.5704,0.0464,1.75
P10515-4,71636_30-NA-29M-K3,50,0.424,0.0443,1.5724,0.0389,1.27
P10515-4,71636_30-NA-29M-K3,50,0.425,0.0444,1.5729,0.0557,1.355
P10515-4,71636_30-NA-29M-K3,50,0.426,0.0444,1.5751,0.0621,1.77
P10515-4,71636_30-NA-29M-K3,50,0.427,0.0445,1.5764,0.0984,1.26
P10515-4,71636_30-NA-29M-K3,50,0.428,0.0446,1.5776,0.0768,0.655
P10515-4,71636_30-NA-29M-K3,50,0.429,0.0447,1.5778,0.0492,1.19
P10515-4,71636_30-NA-29M-K3,50,0.43,0.0447,1.58,0.0708,0.945
P10515-4,71636_30-NA-29M-K3,50,0.431,0.0448,1.5796,0.0745,1.01
P10515-4,71636_30-NA-29M-K3,50,0.432,0.0449,1.582,0.0636,1.335
P10515-4,71636_30-NA-29M-K3,50,0.433,0.045,1.5823,0.0586,1.065
P10515-4,71636_30-NA-29M-K3,50,0.434,0.045,1.5841,0.0362,1.96
P10515-4,71636_30-NA-29M-K3,50,0.435,0.045,1.5862,0.0605,1.23
P10515-4,71636_30-NA-29M-K3,50,0.436,0.0451,1.5866,0.0367,0.98
P10515-4,71636_30-NA-29M-K3,50,0.437,0.0451,1.5882,0.0525,1.43
P10515-4,71636_30-NA-29M-K3,50,0.438,0.0452,1.5894,0.0751,1.065
P10515-4,71636_30-NA-29M-K3,50,0.439,0.0453,1.5903,0.086,1.57
P10515-4,71636_30-NA-29M-K3,50,0.44,0.0454,1.5926,0.1015,0.885
P10515-4,71636_30-NA-29M-K3,50,0.441,0.0455,1.5921,0.0176,1.025
P10515-4,71636_30-NA-29M-K3,50,0.442,0.0454,1.5946,0.0475,1.74
P10515-4,71636_30-NA-29M-K3,50,0.443,0.0456,1.5956,0.0749,0.745
P10515-4,71636_30-NA-29M-K3,50,0.444,0.0456,1.5961,0.0674,1.255
P10515-4,71636_30-NA-29M-K3,50,0.445,0.0457,1.5981,0.0619,0.88
P10515-4,71636_30-NA-29M-K3,50,0.446,0.0457,1.5979,0.0356,0.685
P10515-4,71636_30-NA-29M-K3,50,0.447,0.0458,1.5994,0.0735,1.62
P10515-4,71636_30-NA-29M-K3,50,0.448,0.0459,1.6011,0.0457,1.24
P10515-4,71636_30-NA-29M-K3,50,0.449,0.0459,1.6019,0.0622,0.865
P10515-4,71636_30-NA-29M-K3,50,0.45,0.046,1.6029,0.0924,0.515
P10515-4,71636_30-NA-29M-K3,50,0.451,0.046,1.603,0.029,1.49
P10515-4,71636_30-NA-29M-K3,50,0.452,0.046,1.6058,0.0477,1.995
P10515-4,71636_30-NA-29M-K3,50,0.453,0.0461,1.607,0.0985,1.32
P10515-4,71636_30-NA-29M-K3,50,0.454,0.0462,1.6085,0.069,1.265
P10515-4,71636_30-NA-29M-K3,50,0.455,0.0463,1.6095,0.0321,1.32
P10515-4,71636_30-NA-29M-K3,50,0.456,0.0463,1.6111,0.0589,1.505
P10515-4,71636_30-NA-29M-K3,50,0.457,0.0464,1.6125,0.0881,0.68
P10515-4,71636_30-NA-29M-K3,50,0.458,0.0465,1.6125,0.051,0.19
P10515-4,71636_30-NA-29M-K3,50,0.459,0.0465,1.6129,0.0335,1.31
P10515-4,71636_30-NA-29M-K3,50,0.46,0.0465,1.6151,0.0647,1.935
P10515-4,71636_30-NA-29M-K3,50,0.461,0.0466,1.6167,0.0947,2.05
P10515-4,71636_30-NA-29M-K3,50,0.462,0.0467,1.6192,0.0811,1.555
P10515-4,71636_30-NA-29M-K3,50,0.463,0.0468,1.6198,0.0467,0.58
P10515-4,71636_30-NA-29M-K3,50,0.464,0.0468,1.6204,0.0158,0.34
P10515-4,71636_30-NA-29M-K3,50,0.465,0.0468,1.6205,0.03,0.665
P10515-4,71636_30-NA-29M-K3,50,0.466,0.0469,1.6217,0.0736,1.82
P10515-4,71636_30-NA-29M-K3,50,0.467,0.047,1.6242,0.0755,1.73
P10515-4,71636_30-NA-29M-K3,50,0.468,0.047,1.6252,0.0667,1.27
P10515-4,71636_30-NA-29M-K3,50,0.469,0.0471,1.6267,0.0615,0.845
P10515-4,71636_30-NA-29M-K3,50,0.47,0.0472,1.6268,0.0481,0.645
P10515-4,71636_30-NA-29M-K3,50,0.471,0.0472,1.628,0.0613,1.64
P10515-4,71636_30-NA-29M-K3,50,0.472,0.0473,1.6301,0.0542,1.29
P10515-4,71636_30-NA-29M-K3,50,0.473,0.0473,1.6306,0.031,0.81
P10515-4,71636_30-NA-29M-K3,50,0.474,0.0473,1.6317,0.0518,1.11
P10515-4,71636_30-NA-29M-K3,50,0.475,0.0474,1.6328,0.0753,1.115
P10515-4,71636_30-NA-29M-K3,50,0.476,0.0475,1.634,0.0589,1.725
P10515-4,71636_30-NA-29M-K3,50,0.477,0.0475,1.6362,0.0518,0.92
P10515-4,71636_30-NA-29M-K3,50,0.478,0.0476,1.6358,0.0418,0.595
P10515-4,71636_30-NA-29M-K3,50,0.479,0.0476,1.6374,0.0606,1.86
P10515-4,71636_30-NA-29M-K3,50,0.48,0.0477,1.6395,0.0545,0.68
P10515-4,71636_30-NA-29M-K3,50,0.481,0.0477,1.6388,0.03,1.26
P10515-4,71636_30-NA-29M-K3,50,0.482,0.0478,1.642,0.0688,2.185
P10515-4,71636_30-NA-29M-K3,50,0.483,0.0479,1.6432,0.0616,0.44
P10515-4,71636_30-NA-29M-K3,50,0.484,0.0479,1.6429,0.0652,0.295
P10515-4,71636_30-NA-29M-K3,50,0.485,0.048,1.6438,0.0563,0.95
P10515-4,71636_30-NA-29M-K3,50,0.486,0.048,1.6448,0.0536,2.025
P10515-4,71636_30-NA-29M-K3,50,0.487,0.0481,1.6478,0.076,1.225
P10515-4,71636_30-NA-29M-K3,50,0.488,0.0482,1.6473,0.06,0.785
P10515-4,71636_30-NA-29M-K3,50,0.489,0.0482,1.6494,0.0203,1.885
P10515-4,71636_30-NA-29M-K3,50,0.49,0.0482,1.651,0.0108,1.295
P10515-4,71636_30-NA-29M-K3,50,0.491,0.0482,1.652,0.0662,0.405
P10515-4,71636_30-NA-29M-K3,50,0.492,0.0483,1.6519,0.0804,0.89
P10515-4,71636_30-NA-29M-K3,50,0.493,0.0484,1.6538,0.0656,1.96
P10515-4,71636_30-NA-29M-K3,50,0.494,0.0485,1.6558,0.0447,1.56
P10515-4,71636_30-NA-29M-K3,50,0.495,0.0485,1.6569,0.04,1.035
P10515-4,71636_30-NA-29M-K3,50,0.496,0.0486,1.6579,0.0882,0.755
P10515-4,71636_30-NA-29M-K3,50,0.497,0.0487,1.6584,0.0684,1.085
P10515-4,71636_30-NA-29M-K3,50,0.498,0.0487,1.66,0.0258,1.94
P10515-4,71636_30-NA-29M-K3,50,0.499,0.0487,1.6623000000000001,0.0306,0.52
P10515-4,71636_30-NA-29M-K3,50,0.5,0.0488,1.6611,0.0976,2.3969
